"id","date","time","long","lat","depth","mag","src"
"6558","1949-08-05","19:08:47","-78.4","-1.23","10","6.8","CENTENNIAL"
"6541","1958-05-25","21:11:42","-78.09","-3.12","29","6.5","ISC"
"6535","1963-03-30","09:23:14","-77.7","-1.5","154","4.5","USGS-NEIC"
"6531","1963-05-10","22:22:41","-77.62","-2.18","20","6.6","ISC"
"6524","1963-06-08","08:57:25","-77.8","-2.3","33","4.4","USGS-NEIC"
"6522","1963-06-20","20:42:17","-77.5","-2.3","33","4.1","USGS-NEIC"
"6520","1963-07-02","02:52:53","-77.8","-2.4","33","4.6","USGS-NEIC"
"6518","1963-07-25","20:31:18","-77.8","-2.4","33","4","USGS-NEIC"
"6510","1963-09-17","07:34:39","-77.9","-1.5","178","4","USGS-NEIC"
"6509","1963-09-19","00:06:43","-78","-2.6","33","4.3","USGS-NEIC"
"6508","1963-10-14","05:39:17","-77.6","-2.3","33","4.7","USGS-NEIC"
"6507","1963-10-26","12:56:47","-77.8","-2.7","33","4.2","USGS-NEIC"
"6495","1963-12-13","04:16:14","-78.4","-2.7","109","4.5","USGS-NEIC"
"6494","1963-12-16","16:41:10","-78","-1.6","170","4.8","USGS-NEIC"
"6477","1964-03-02","17:19:51","-77.55","-1.99","29","4.7","ISC"
"6475","1964-03-15","14:14:54","-78.1","-2.7","94","4.3","ISC"
"6472","1964-03-23","03:35:46","-78.8","-1.11","68","4.2","ISC"
"6455","1964-06-22","03:29:56","-78.1","-2.56","46","4","ISC"
"6452","1964-06-23","13:53:52","-77.68","-2.51","33","3.9","ISC"
"6450","1964-06-29","08:50:56","-78","-1.6","156","4","ISC"
"6449","1964-07-05","01:06:26","-78.66","-1.14","70","4","ISC"
"6448","1964-07-11","08:15:40","-78.1","-2.75","148","3.8","ISC"
"6445","1964-07-27","04:03:34","-77.89","-1.78","154.4","4.3","ISC"
"6437","1964-08-24","10:37:24","-77.92","-1.5","178","5","ISC"
"6429","1964-10-25","06:25:50","-77.16","-1.96","162","5.2","ISC"
"6421","1964-12-09","19:12:19","-77.52","-1.23","218","4.3","ISC"
"6413","1965-01-16","16:59:29","-78.2","-2.5","33","4.5","USGS-NEIC"
"6410","1965-02-11","16:10:31","-77.89","-1.48","179.5","5","ISC"
"6406","1965-03-06","04:43:12","-78.3","-1.26","53","4.2","ISC"
"6400","1965-04-06","19:21:51","-78.17","-3.11","110","4.9","ISC"
"6394","1965-04-26","08:39:04","-77.85","-1.31","193","4.2","ISC"
"6393","1965-05-01","23:45:34","-77.78","-1.75","199","3.6","ISC"
"6382","1965-07-13","22:34:49","-77.7","-3.2","90","4.4","USGS-NEIC"
"6378","1965-07-30","16:32:38","-78.07","-1.48","170","4.3","ISC"
"6371","1965-09-17","11:13:57","-77.67","-1.44","185.9","6.52","ISC"
"6370","1965-09-19","01:45:02","-77.6","-1.56","209","3.9","ISC"
"6361","1965-10-30","08:37:22","-77.9","-2.4","166","4.1","USGS-NEIC"
"6360","1965-10-31","04:02:26","-77.6","-1.6","245","4.7","USGS-NEIC"
"6359","1965-11-13","19:02:24","-77.48","-1.63","224","3.9","ISC"
"6358","1965-11-19","09:52:38","-77.6","-2","189","4.2","USGS-NEIC"
"6347","1965-12-12","22:25:15","-77.6","-1.5","201","5.6","USGS-NEIC"
"6339","1966-01-31","13:54:25","-78.03","-1.64","163.9","4.3","ISC"
"6338","1966-02-09","20:30:24","-77.87","-1.65","172","4","ISC"
"6326","1966-04-09","07:53:24","-78","-1.36","182","3.8","ISC"
"6321","1966-05-15","20:16:04","-78.02","-1.55","194","4.1","ISC"
"6320","1966-05-24","20:50:59","-78.1","-2.29","1","4.1","ISC"
"6316","1966-06-29","00:36:16","-77.8","-2.22","158","3.8","ISC"
"6314","1966-07-13","08:32:49","-77.3","-2.22","142","4","ISC"
"6311","1966-08-01","09:48:04","-78.6","-1.16","74","4.7","ISC"
"6308","1966-08-24","20:10:10","-77.43","-1.49","198.8","4.4","ISC"
"6287","1966-12-21","11:37:27","-77","-1.9","33","4.1","ISC"
"6285","1967-01-03","04:55:58","-77.68","-1.26","193","4.2","ISC"
"6265","1967-03-05","10:13:30","-77.69","-1.49","221","3.6","ISC"
"6264","1967-03-07","15:30:27","-78.03","-1.48","169","4","ISC"
"6244","1967-05-18","07:48:55","-78.61","-0.86","20.7","4.4","ISC"
"6242","1967-06-07","11:39:53","-78.55","-0.98","46.6","4.5","ISC"
"6240","1967-06-21","06:49:53","-77.74","-2.27","7.8","5.4","ISC"
"6239","1967-06-22","12:06:24","-78.2","-2.4","71","4.1","ISC"
"6238","1967-06-22","13:49:48","-77.62","-2.38","30","4.9","ISC"
"6237","1967-06-22","20:53:59","-77.8","-2.33","36","4.2","ISC"
"6236","1967-06-23","17:24:47","-77.72","-2.34","25","4","ISC"
"6234","1967-06-25","05:56:54","-77.7","-2.3","52","4","ISC"
"6231","1967-07-13","21:01:37","-77.35","-1.49","216","4.4","ISC"
"6228","1967-07-24","04:35:49","-77.5","-2.24","15","4","ISC"
"6227","1967-07-29","09:48:29","-78.6","-1.04","3","4.1","ISC"
"6218","1967-10-06","14:45:21","-77.99","-1.49","177","4","ISC"
"6214","1967-10-22","06:39:05","-78.7","-0.72","33","4","ISC"
"6211","1967-11-04","16:26:49","-77.67","-2.75","94.4","5.8","ISC"
"6208","1967-11-19","06:58:55","-78.37","-1.11","6","4.3","ISC"
"6097","1968-07-24","22:31:36","-77.72","-2.55","25.6","4.8","ISC"
"6093","1968-08-02","07:33:02","-78.8","-1.1","41","4","ISC"
"6082","1968-10-12","07:54:40","-77.63","-1.5","181.4","4.4","ISC"
"6080","1968-10-30","15:56:24","-77.4","-1.42","165","3.8","ISC"
"6077","1968-11-09","23:23:36","-77.49","-1.16","209","4.5","ISC"
"6070","1968-12-04","15:41:38","-78.4","-1.2","30","4.2","ISC"
"6057","1969-02-22","02:52:57","-77.2","-2.02","158","3.9","ISC"
"6047","1969-03-30","20:14:07","-77.22","-1.97","173","4.8","ISC"
"6037","1969-05-31","11:07:18","-77.76","-1.73","162.7","5","ISC"
"6034","1969-06-18","13:53:52","-78.03","-2.51","123","4.3","ISC"
"6023","1969-08-08","07:47:30","-78.65","-1.04","33","4.5","ISC"
"5986","1970-05-22","15:41:57","-78.03","-1.66","171","4.3","ISC"
"5982","1970-07-17","12:49:00","-77.27","-1.76","175.1","4.9","ISC"
"5970","1970-11-14","14:01:11","-77.92","-1.65","184","4.4","ISC"
"5966","1970-12-09","11:28:34","-77.74","-1.47","176.2","5","ISC"
"5882","1971-05-13","05:40:51","-78.49","-1.3","45.6","4.8","ISC"
"5881","1971-05-17","06:04:08","-77.66","-1.67","171.6","6.7","ISC"
"5880","1971-05-20","17:04:38","-77.76","-1.57","186.7","4.3","ISC"
"5875","1971-07-08","03:02:37","-78.54","-0.89","20.5","4.1","ISC"
"5870","1971-07-26","21:02:48","-77.36","-2.83","109.4","7.3","ISC"
"5864","1971-09-16","10:49:35","-78.8","-1.14","5.2","4.5","ISC"
"5863","1971-09-29","00:48:16","-77.89","-1.73","160.9","4.1","ISC"
"5857","1971-11-27","17:26:48","-77.89","-1.76","169.6","4.5","ISC"
"5855","1971-12-20","20:07:20","-77.46","-2.03","175.3","4.4","ISC"
"5854","1971-12-21","05:52:19","-77.8","-1.46","168.8","4.3","ISC"
"5842","1972-04-06","10:26:17","-77.88","-1.4","172.5","5","ISC"
"5840","1972-04-09","16:42:21","-78.06","-1.54","179.6","4.5","ISC"
"5828","1972-07-29","11:02:49","-77.95","-1.48","164.1","4.6","ISC"
"5818","1972-12-25","23:24:53","-78.72","-1.07","6","4.4","USGS-NEIC"
"5813","1973-01-25","08:06:10","-77.72","-1.5","192.1","4.4","ISC"
"5808","1973-02-22","23:26:23","-78.19","-2.09","50.4","5.8","ISC"
"5807","1973-02-23","01:41:20","-78.23","-2.04","21.8","4.9","ISC"
"5806","1973-02-23","18:10:52","-78.44","-2.25","21.3","4.5","ISC"
"5805","1973-03-01","12:49:06","-78.1","-2.16","72.2","4.8","ISC"
"5795","1973-05-03","10:50:35","-78.39","-1.97","72","4.1","USGS-NEIC"
"5793","1973-05-29","23:38:02","-78.47","-2.29","104.5","5.6","ISC"
"5792","1973-06-04","08:14:30","-77.79","-1.31","177","4.3","USGS-NEIC"
"5784","1973-08-01","05:35:10","-77.81","-2.74","71.2","4.2","ISC"
"5774","1973-12-10","14:28:15","-77.71","-1.43","181.5","5.4","ISC"
"5766","1974-02-24","21:45:23","-78.02","-1.57","174.6","4.2","ISC"
"5762","1974-03-28","16:22:46","-78.13","-3.24","35","4.1","USGS-NEIC"
"5736","1974-09-19","03:23:14","-77.84","-2.44","120.7","4.2","ISC"
"5729","1974-10-21","02:15:07","-78.64","-1.12","4","3.9","USGS-NEIC"
"5700","1975-07-28","20:12:47","-77.88","-1.43","178.1","4.6","ISC"
"5684","1976-01-24","11:57:33","-77.69","-3","59","4.2","USGS-NEIC"
"5682","1976-02-18","21:28:33","-77.78","-1.47","191.4","4.4","ISC"
"5681","1976-03-19","03:21:53","-77.73","-1.26","189.9","4.6","ISC"
"5671","1976-07-15","18:05:16","-77.78","-1.34","195.6","4.3","ISC"
"5666","1976-10-04","18:36:13","-78.61","-0.68","50.7","5.1","ISC"
"5665","1976-10-05","11:36:33","-78.77","-0.62","49.1","5","ISC"
"5664","1976-10-06","04:12:36","-78.72","-0.72","3.6","5.7","ISC"
"5660","1976-10-10","01:19:25","-78.72","-0.74","48.8","4.9","ISC"
"5658","1976-10-26","19:05:50","-77.98","-1.24","26.2","5.2","ISC"
"5656","1976-11-26","18:43:42","-77.64","-1.37","203.3","4.4","ISC"
"5652","1977-01-12","22:27:22","-77.67","-1.54","181","4.7","USGS-NEIC"
"5647","1977-03-17","11:58:42","-78.77","-0.65","33","4.5","USGS-NEIC"
"5646","1977-03-19","01:28:18","-77.69","-1.57","198.6","4.4","ISC"
"5624","1977-06-27","13:57:22","-77.13","-1.78","25.2","4.9","ISC"
"5615","1977-11-03","00:05:11","-77.74","-1.77","160.8","4.6","ISC"
"5614","1977-11-12","11:57:58","-77.77","-1.74","170","4.5","USGS-NEIC"
"5613","1978-01-24","15:20:28","-77.94","-1.71","131","4.6","USGS-NEIC"
"5608","1978-04-07","04:52:06","-78.32","-1.69","54.3","4.3","ISC"
"5593","1978-07-13","00:38:07","-77.56","-2.37","77","3.9","USGS-NEIC"
"5591","1978-07-22","02:40:04","-77.78","-1.29","202","4.4","ISC"
"5584","1978-09-10","23:21:57","-78.16","-2.08","166.4","4.3","ISC"
"5580","1978-11-08","19:36:56","-77.86","-1.42","171.3","4.8","ISC"
"5579","1978-11-11","16:47:56","-78.02","-1.92","157.8","4.2","ISC"
"5576","1978-12-18","08:37:31","-77.52","-1.39","168","4.2","ISC"
"5572","1979-01-16","21:12:52","-77.74","-1.24","196.8","4.4","ISC"
"5559","1979-03-26","11:07:00","-77.51","-1.57","177.6","4.4","ISC"
"5557","1979-04-05","21:41:21","-77.7","-1.65","192.6","4.4","ISC"
"5553","1979-04-29","20:04:24","-77.76","-1.6","245.2","4.4","ISC"
"5548","1979-06-01","20:32:52","-77.91","-1.65","167.1","4.4","ISC"
"5405","1980-03-28","10:39:40","-77.89","-1.79","170.4","4.6","ISC"
"5385","1980-07-23","03:43:55","-78.36","-2.31","126.2","4.2","ISC"
"5383","1980-07-29","06:43:44","-77.8","-1.51","173.6","4.5","ISC"
"5369","1980-09-03","13:48:37","-78.01","-1.91","158.9","4.7","ISC"
"5367","1980-09-14","18:41:59","-77.99","-1.84","171.8","4.1","ISC"
"5363","1980-10-08","17:01:36","-77.65","-1.4","189.1","6","ISC"
"5358","1980-11-12","03:19:48","-77.82","-1.13","33","4.1","ISC"
"5339","1981-02-18","18:24:56","-77.45","-1.8","191","4.6","ISC"
"5333","1981-03-25","21:46:46","-77.88","-1.61","173.1","4.4","ISC"
"5326","1981-04-29","12:51:45","-77.37","-1.46","189.7","4.2","ISC"
"5293","1981-10-04","15:03:54","-77.33","-1.51","198.4","5.4","ISC"
"5290","1981-10-12","23:33:09","-78.07","-1.69","171.9","4.3","ISC"
"5284","1981-11-18","20:13:37","-78","-1.72","170","4.6","ISC"
"5282","1981-12-05","23:31:08","-77.65","-1.4","193","4.5","ISC"
"5266","1982-03-05","20:27:32","-77.66","-1.34","200","4.3","ISC"
"5254","1982-05-07","20:25:17","-77.87","-1.63","172.9","4.8","ISC"
"5247","1982-05-20","07:10:51","-77.95","-1.57","166.2","5.3","ISC"
"5238","1982-08-07","17:44:36","-77.84","-1.63","178","4.3","ISC"
"5237","1982-08-08","01:02:27","-78.03","-1.8","166.5","4.3","ISC"
"5231","1982-09-22","02:53:39","-77.59","-1.74","189.7","4.4","ISC"
"5223","1982-11-16","14:46:49","-78.39","-1.5","33","4.7","ISC"
"5217","1982-12-31","12:09:09","-77.97","-1.51","167.8","4.5","ISC"
"5212","1983-02-25","20:27:53","-78.39","-1.05","33","4.4","ISC"
"5201","1983-04-27","16:06:03","-77.66","-1.78","51.2","4.9","ISC"
"5183","1983-09-07","23:34:51","-77.77","-1.54","196.6","4.2","ISC"
"5166","1983-12-30","04:31:58","-77.56","-2.03","33","4.5","ISC"
"5163","1984-01-10","20:45:44","-78.19","-2.04","157.5","4.5","ISC"
"5143","1984-04-28","15:12:08","-78.09","-1.81","46.5","5.6","ISC"
"5142","1984-04-28","16:43:50","-78.42","-2.11","70","4.7","ISC"
"5130","1984-08-10","00:00:20","-78.08","-2.03","72.4","4.6","ISC"
"5121","1984-11-01","18:30:54","-77.83","-1.72","169.4","4.2","ISC"
"5116","1984-12-27","03:07:45","-77.8","-1.37","176.7","4.4","ISC"
"5115","1985-01-08","03:57:29","-77.58","-1.3","208.5","4.3","ISC"
"5107","1985-02-10","09:27:45","-77.67","-1.53","196.2","4.3","ISC"
"5099","1985-03-18","17:57:35","-77.81","-1.36","184.8","4.4","ISC"
"5089","1985-06-24","11:20:14","-78.09","-1.95","55.2","5.1","ISC"
"5079","1985-08-13","07:54:38","-77.18","-1.99","159.5","4.7","ISC"
"5078","1985-08-27","09:52:13","-77.93","-1.5","175.5","4.4","ISC"
"5071","1985-10-21","17:03:32","-77.62","-1.47","198.3","4.2","ISC"
"5069","1985-11-12","10:12:12","-77.74","-1.43","199.5","4.6","ISC"
"5064","1985-12-12","12:32:37","-77.82","-1.75","164.3","4.8","ISC"
"5057","1986-01-28","01:51:47","-77.43","-1.81","163.6","5.4","ISC"
"5055","1986-02-22","13:47:21","-78.37","-2.13","33","4.8","ISC"
"5054","1986-03-24","16:38:06","-78.28","-1.91","33","4.8","ISC"
"5051","1986-03-28","16:19:24","-78.03","-1.51","159.8","4.8","ISC"
"5045","1986-05-13","18:10:56","-78.49","-1.96","132.9","4.2","ISC"
"5041","1986-05-24","12:01:18","-77.74","-1.41","182.3","4.6","ISC"
"5034","1986-07-13","14:02:42","-77.59","-3.08","122.4","4.5","ISC"
"5033","1986-07-29","04:56:25","-77.91","-2.25","189","4.4","USGS-NEIC"
"5032","1986-08-17","20:00:38","-77.35","-1.59","221.4","4.6","ISC"
"5031","1986-08-21","06:46:08","-77.94","-1.59","132","4.3","ISC"
"5029","1986-09-03","18:58:51","-77.75","-1.78","167","4.5","ISC"
"5028","1986-09-07","13:34:09","-78.1","-2.21","33","4.4","ISC"
"5022","1986-10-31","20:12:38","-77.43","-1.55","227.9","4.5","ISC"
"5021","1986-11-05","22:34:32","-78.55","-1.08","33","4.5","ISC"
"5020","1986-11-18","20:14:53","-77.43","-1.55","206.7","4.6","ISC"
"5010","1987-01-08","03:52:16","-78.07","-2.72","106.1","4.4","ISC"
"4978","1987-05-10","20:32:30","-77.51","-2.1","170.3","4.4","ISC"
"4976","1987-05-20","18:41:24","-77.42","-1.88","161.6","4.9","ISC"
"4974","1987-06-07","10:18:05","-77.72","-1.69","184.6","4.3","ISC"
"4970","1987-08-15","08:46:38","-78.07","-1.15","57","4.8","ISC"
"4969","1987-09-06","01:54:01","-77.39","-1.41","201.3","4.2","ISC"
"4966","1987-09-22","08:43:38","-78.03","-1","4.3","6.3","ISC"
"4964","1987-09-22","11:21:42","-78.08","-1.07","47.8","6","ISC"
"4961","1987-09-26","09:58:43","-78.08","-1.01","55.8","4.2","ISC"
"4958","1987-10-23","10:49:57","-78.03","-1.1","33","5","ISC"
"4952","1987-12-18","00:01:25","-77.76","-1.37","178.2","5.5","ISC"
"4937","1988-04-12","10:26:20","-77.57","-2.74","18.8","5.2","ISC"
"4930","1988-05-20","20:44:02","-77.73","-1.5","180.5","3.8","ISC"
"4918","1988-08-22","03:57:02","-77.66","-1.95","59","4.7","ISC"
"4916","1988-09-15","13:48:03","-77.84","-1.43","175","6.2","ISC"
"4915","1988-09-21","08:57:46","-77.91","-1.44","171","4.8","ISC"
"4909","1988-12-09","15:29:32","-77.63","-2.78","36","5.4","ISC"
"4908","1988-12-11","03:49:34","-77.69","-2.59","60.7","5.2","ISC"
"4907","1988-12-11","04:05:23","-77.57","-2.45","86.5","4.7","ISC"
"4906","1988-12-12","21:47:42","-78.04","-2.79","33","4.3","ISC"
"4904","1989-02-08","06:34:26","-77.39","-1.51","198.4","4.4","ISC"
"4892","1989-05-02","22:40:48","-78.23","-1.1","10","4.6","ISC"
"4889","1989-05-18","21:46:48","-77.83","-1.69","168.4","4.7","ISC"
"4887","1989-05-23","12:52:22","-77.43","-2.73","124.8","4.6","ISC"
"4884","1989-06-10","04:09:54","-77.71","-1.68","184.8","4","ISC"
"4878","1989-07-02","09:07:27","-77.64","-1.24","191.8","4.4","ISC"
"4874","1989-07-20","21:52:59","-77.63","-1.33","182.6","4.5","ISC"
"4871","1989-08-11","22:55:44","-77.86","-1.4","173.7","4.4","ISC"
"4870","1989-08-15","19:17:23","-77.65","-2.25","52","4.9","ISC"
"4856","1989-10-24","12:29:43","-77.71","-2.72","44.9","4.9","ISC"
"4847","1989-12-03","14:27:12","-77.77","-1.78","104","4.7","ISC"
"4845","1989-12-17","02:32:34","-78.16","-1.13","67.7","4.8","ISC"
"4828","1990-03-09","03:11:02","-78.39","-1.64","160","3.9","ISC"
"4827","1990-03-12","02:32:09","-78.37","-1.09","10","3.9","ISC"
"4823","1990-03-18","20:12:20","-77.9","-1.67","164.4","4.2","ISC"
"4817","1990-04-21","14:26:42","-77.62","-2.99","34","4.4","ISC"
"4794","1990-06-25","13:34:59","-77.93","-1.45","193","4.5","USGS-NEIC"
"4781","1990-09-26","02:55:48","-77.15","-1.91","174.6","4.3","ISC"
"4771","1990-11-23","17:15:00","-78.05","-1.77","159.5","4.6","ISC"
"4770","1990-11-25","07:32:47","-77.71","-2.67","25.1","5.3","ISC"
"4755","1991-02-16","23:37:37","-77.96","-1.43","48.4","4.7","ISC"
"4753","1991-02-20","18:17:04","-77.95","-1.59","176","4.4","USGS-NEIC"
"4683","1991-05-13","14:58:11","-78.36","-1.1","33","3.7","USGS-NEIC"
"4680","1991-05-21","14:44:56","-77.87","-1.71","139","4.1","USGS-NEIC"
"4661","1991-10-06","11:07:53","-77.07","-1.86","179.3","4.6","ISC"
"4648","1991-12-12","02:12:57","-77.81","-1.53","204.4","4.2","ISC"
"4638","1992-03-28","04:26:44","-77.72","-1.39","178.5","4.2","ISC"
"4631","1992-07-14","18:04:58","-78.24","-2.79","128","3.7","ISC"
"4604","1992-12-26","09:57:40","-78.03","-1.02","12","5.8","ISC"
"4603","1992-12-26","11:08:57","-78.82","-1.05","10","3.9","ISC"
"4601","1992-12-28","01:32:33","-78.72","-1.22","10","3.7","ISC"
"4585","1993-05-24","06:10:59","-77.26","-1.49","203.4","4.8","ISC"
"4573","1993-10-03","23:34:38","-78.08","-1.87","50.7","4.9","ISC"
"4572","1993-10-08","03:21:54","-78.3","-2","35.4","4.6","ISC"
"4560","1994-01-25","00:41:15","-78.31","-1.45","153.3","5.4","IGEPN"
"4550","1994-05-08","03:42:13","-78.09","-1.33","147","4.4","IGEPN"
"4539","1994-07-02","05:18:10","-78.5","-2","133","4.1","IGEPN"
"4538","1994-07-07","17:54:11","-78.25","-1.01","9","5","IGEPN"
"4537","1994-07-18","13:15:37","-78.2","-1.36","150.8","4.5","IGEPN"
"4535","1994-07-31","05:13:34","-78.03","-1.78","168.8","3.7","IGEPN"
"4531","1994-09-01","06:32:29","-78.25","-1.11","7.52","4.1","IGEPN"
"4530","1994-09-16","16:19:30","-77.43","-2.81","110.8","4.5","ISC"
"4518","1994-12-16","03:12:10","-78.13","-1.69","152.3","4.4","IGEPN"
"4516","1995-01-06","21:13:23","-78.2","-1.53","145.4","5.4","IGEPN"
"4512","1995-02-02","17:09:07","-78.4","-3.01","109.6","4.3","ISC"
"4511","1995-02-09","10:22:37","-77.99","-2.48","49.4","4.2","ISC"
"4509","1995-02-12","18:19:49","-77.89","-1.21","160.1","3.8","IGEPN"
"4502","1995-03-28","04:09:58","-78.09","-2.01","4.46","4.7","IGEPN"
"4499","1995-04-14","09:12:54","-77.84","-1.68","149.9","5.4","IGEPN"
"4498","1995-04-30","00:21:06","-78.24","-1.11","3.8","3.9","IGEPN"
"4493","1995-05-30","19:06:38","-78.24","-1.71","162.2","4.2","IGEPN"
"4484","1995-07-06","08:41:19","-78.21","-1.44","159.6","4","IGEPN"
"4480","1995-07-24","20:12:02","-77.59","-1.47","15.3","4.1","ISC"
"4476","1995-08-12","00:04:12","-78.12","-1.37","161.5","4.1","IGEPN"
"4471","1995-10-01","21:33:22","-78.24","-2.58","108.2","4.2","ISC"
"4470","1995-10-02","20:51:24","-78","-2.77","12.6","7","IGEPN"
"4469","1995-10-02","20:57:06","-77.78","-2.65","40.5","5.5","ISC"
"4468","1995-10-02","21:10:46","-78.03","-2.71","33","4.8","ISC"
"4467","1995-10-02","21:33:35","-77.97","-2.88","6.2","4.1","ISC"
"4466","1995-10-02","21:53:24","-78.44","-2.87","23","5.3","ISC"
"4465","1995-10-02","22:03:39","-78.45","-3.07","33","4.7","ISC"
"4464","1995-10-02","23:15:11","-78.42","-3.04","33","4.7","ISC"
"4463","1995-10-02","23:26:25","-78.19","-3.11","33","4.4","ISC"
"4462","1995-10-02","23:32:52","-78.22","-2.87","33","3.9","ISC"
"4461","1995-10-02","23:46:35","-78.07","-2.68","5.2","4.2","IGEPN"
"4460","1995-10-02","23:58:22","-77.89","-2.75","35.8","4.4","ISC"
"4459","1995-10-03","00:20:30","-77.81","-2.74","44.3","4.8","ISC"
"4458","1995-10-03","01:19:07","-77.87","-2.77","0","3.9","IGEPN"
"4457","1995-10-03","01:27:27","-77.97","-2.74","7.1","5.1","IGEPN"
"4456","1995-10-03","01:31:50","-77.94","-2.74","35","4.6","ISC"
"4455","1995-10-03","01:43:31","-78.16","-2.73","50.5","4.3","ISC"
"4454","1995-10-03","02:05:13","-78.11","-2.48","33","4.2","ISC"
"4453","1995-10-03","02:10:22","-77.82","-2.64","65.4","4.1","ISC"
"4452","1995-10-03","02:38:18","-77.57","-2.35","33","4.1","ISC"
"4451","1995-10-03","04:30:54","-78.02","-2.91","25.1","4.6","ISC"
"4450","1995-10-03","05:06:02","-78.03","-2.63","3.4","4.7","IGEPN"
"4449","1995-10-03","05:16:31","-77.78","-2.59","12","4.4","IGEPN"
"4448","1995-10-03","06:09:56","-78.3","-2.8","0","4.2","IGEPN"
"4447","1995-10-03","06:12:19","-78.01","-2.71","3.9","4.3","IGEPN"
"4446","1995-10-03","06:39:52","-77.98","-2.73","8.6","4.6","IGEPN"
"4445","1995-10-03","07:44:59","-78","-2.74","0.8","6.4","IGEPN"
"4444","1995-10-03","08:12:35","-77.59","-2.7","69.6","4","ISC"
"4443","1995-10-03","08:21:11","-77.59","-2.49","15.2","4.3","ISC"
"4442","1995-10-03","09:17:36","-78.03","-2.87","68","4","ISC"
"4441","1995-10-03","09:29:31","-78.04","-2.7","5.8","4.6","IGEPN"
"4440","1995-10-03","09:54:25","-77.86","-2.99","16","4.4","ISC"
"4439","1995-10-03","10:07:55","-77.98","-2.85","56.1","4.3","ISC"
"4438","1995-10-03","12:01:01","-77.9","-2.77","6","5.6","IGEPN"
"4437","1995-10-03","13:04:31","-77.73","-2.91","55.3","4.5","ISC"
"4436","1995-10-03","13:13:59","-77.9","-2.72","39.9","4.4","ISC"
"4435","1995-10-03","14:59:04","-78.23","-2.52","16","4.5","IGEPN"
"4434","1995-10-03","15:08:03","-78.16","-2.53","16","4.5","IGEPN"
"4432","1995-10-03","18:22:42","-78.04","-2.65","2.3","4.3","IGEPN"
"4431","1995-10-03","20:14:46","-77.95","-2.91","20","3.7","ISC"
"4429","1995-10-04","00:08:30","-78.12","-2.88","47.1","4.2","ISC"
"4428","1995-10-04","01:18:57","-77.84","-2.73","15","4.4","ISC"
"4427","1995-10-04","01:33:47","-77.88","-2.88","16.7","4","ISC"
"4426","1995-10-04","02:23:16","-77.41","-2.3","44.3","4.2","ISC"
"4425","1995-10-04","03:38:08","-77.8","-2.71","15","5.3","ISC"
"4424","1995-10-04","06:33:48","-78.09","-3.31","33","4.3","ISC"
"4423","1995-10-04","07:41:13","-77.51","-2.8","81.3","3.9","ISC"
"4422","1995-10-04","07:56:43","-77.62","-2.6","60.8","4.6","ISC"
"4421","1995-10-04","17:45:19","-77.91","-2.66","3.49","4.5","IGEPN"
"4420","1995-10-04","18:59:55","-78.01","-3.16","84.2","4.3","ISC"
"4419","1995-10-04","19:16:54","-78.03","-2.94","55.9","4.4","ISC"
"4418","1995-10-04","20:12:18","-78.17","-2.68","16","4.2","IGEPN"
"4417","1995-10-04","20:37:00","-77.84","-2.72","54.1","5.2","ISC"
"4416","1995-10-04","21:44:20","-78","-2.67","6","4.8","IGEPN"
"4415","1995-10-04","23:33:23","-78.05","-2.67","2.7","4.2","IGEPN"
"4414","1995-10-05","07:03:26","-78.01","-2.7","11.1","4.5","IGEPN"
"4413","1995-10-05","19:13:48","-78.02","-2.83","36.8","4.5","ISC"
"4412","1995-10-06","13:04:56","-78","-2.72","1.7","4.8","IGEPN"
"4411","1995-10-06","18:12:25","-77.97","-2.78","4.8","4.4","IGEPN"
"4410","1995-10-06","18:16:29","-77.92","-2.8","0.7","4.1","IGEPN"
"4409","1995-10-07","00:52:52","-78.01","-2.77","2.2","4.5","IGEPN"
"4408","1995-10-07","04:14:25","-78.04","-2.62","1","4.6","IGEPN"
"4407","1995-10-07","04:57:54","-78.04","-2.61","2.5","4.3","IGEPN"
"4406","1995-10-07","06:02:15","-77.56","-2.69","33","4.3","USGS-NEIC"
"4405","1995-10-07","09:15:36","-77.96","-2.84","30.8","4.6","ISC"
"4404","1995-10-07","16:19:54","-77.73","-2.8","53.2","4.7","ISC"
"4403","1995-10-07","16:27:07","-77.97","-2.8","8.3","5.7","IGEPN"
"4402","1995-10-07","16:37:16","-77.67","-2.65","33","4.5","ISC"
"4401","1995-10-07","19:00:08","-77.88","-2.83","47","4.2","ISC"
"4400","1995-10-08","05:26:38","-78","-2.62","0.7","5.4","IGEPN"
"4399","1995-10-08","05:38:46","-78.06","-2.63","1.5","4.3","IGEPN"
"4398","1995-10-08","06:06:03","-78.11","-2.81","52.1","4.3","ISC"
"4397","1995-10-10","09:49:45","-77.79","-2.94","12.83","4.4","IGEPN"
"4396","1995-10-10","12:07:45","-77.82","-2.98","0","4.4","IGEPN"
"4394","1995-10-11","04:52:51","-78.35","-2.89","33","4.4","ISC"
"4393","1995-10-11","21:37:29","-77.65","-3.25","8","4.3","ISC"
"4392","1995-10-13","15:39:16","-78","-2.82","0","4.1","IGEPN"
"4391","1995-10-14","03:18:58","-77.98","-2.76","5.5","4.4","IGEPN"
"4390","1995-10-14","22:46:34","-77.98","-2.83","4.5","4.2","IGEPN"
"4389","1995-10-17","21:24:36","-78.07","-2.69","5.4","4.7","IGEPN"
"4388","1995-10-19","03:51:19","-78.01","-3.08","52.3","4.5","ISC"
"4387","1995-10-19","04:13:41","-78.02","-2.82","7.6","4.6","IGEPN"
"4385","1995-10-20","07:30:09","-77.97","-2.76","0.4","4.3","IGEPN"
"4384","1995-10-20","15:18:57","-77.93","-2.71","8.9","5.5","IGEPN"
"4383","1995-10-21","10:31:26","-77.89","-2.65","6.8","4.2","IGEPN"
"4382","1995-10-21","10:36:16","-78.09","-2.57","8.8","4.9","IGEPN"
"4381","1995-10-22","19:42:11","-77.9","-2.73","4.9","4.7","IGEPN"
"4380","1995-10-22","22:46:19","-78.36","-2.86","2.93","4.2","IGEPN"
"4379","1995-10-23","12:49:55","-77.93","-2.87","2.9","4.5","IGEPN"
"4378","1995-10-24","23:54:58","-78.02","-2.76","5.9","4.4","IGEPN"
"4377","1995-10-26","17:47:18","-78.02","-2.63","17.3","4.1","IGEPN"
"4376","1995-10-26","19:21:50","-77.71","-3.15","5.6","4.2","ISC"
"4375","1995-10-27","12:03:54","-78.02","-2.67","0.7","4.3","IGEPN"
"4371","1995-10-29","00:28:47","-77.83","-2.77","5.8","5","IGEPN"
"4370","1995-10-29","00:50:21","-77.95","-2.68","1.6","4.2","IGEPN"
"4368","1995-11-06","23:04:22","-77.85","-2.45","5.22","5.1","IGEPN"
"4362","1995-12-07","08:39:07","-78.13","-1.51","193","3.7","ISC"
"4361","1995-12-13","14:01:22","-78.08","-2.9","9.1","3.8","ISC"
"4359","1995-12-16","14:55:09","-78.07","-2.62","3.6","4.2","IGEPN"
"4354","1995-12-29","22:22:07","-78.07","-2.89","54.1","3.6","ISC"
"4350","1996-01-09","18:45:06","-77.93","-2.95","54.8","4","ISC"
"4345","1996-01-21","06:07:53","-77.94","-2.52","3","4","IGEPN"
"4343","1996-01-25","23:15:46","-78.02","-1.62","167.3","3.7","IGEPN"
"4341","1996-01-26","19:36:55","-78.03","-2.65","9","4.4","IGEPN"
"4339","1996-01-27","19:28:29","-77.77","-2.13","179.2","5.3","IGEPN"
"4336","1996-02-05","03:46:14","-77.76","-2.47","43.3","5.5","ISC"
"4335","1996-02-18","20:26:47","-77.96","-1.48","177","3.7","IGEPN"
"4332","1996-03-11","03:27:47","-78.16","-2.58","4.6","3.8","IGEPN"
"4330","1996-03-26","08:01:20","-78.11","-1.76","161","4","IGEPN"
"4329","1996-03-28","18:02:47","-78.72","-1.04","14.36","5.9","IGEPN"
"4328","1996-03-28","18:29:38","-78.73","-1.04","8.7","3.9","IGEPN"
"4327","1996-03-29","08:57:22","-78.73","-1.03","3.4","3.7","IGEPN"
"4326","1996-04-01","16:37:55","-77.91","-2.69","36.1","4.5","ISC"
"4325","1996-04-04","02:42:40","-78.71","-0.95","0.2","3.9","IGEPN"
"4323","1996-04-14","14:26:30","-77.8","-2.42","0","3.8","ISC"
"4315","1996-05-08","08:27:52","-78.04","-2.85","5","4.3","IGEPN"
"4314","1996-05-09","23:35:29","-77.87","-2.73","40.4","4.3","ISC"
"4300","1996-06-30","06:44:43","-77.64","-1.39","206","4","ISC"
"4297","1996-07-23","09:52:49","-77.8","-2.48","8.8","4.6","ISC"
"4295","1996-08-03","01:08:34","-78.02","-2.78","12.5","4.4","IGEPN"
"4289","1996-08-25","09:08:57","-78.74","-1.05","9","5.4","IGEPN"
"4288","1996-08-27","10:01:14","-78.17","-2.92","9","4.1","IGEPN"
"4279","1996-11-16","06:12:57","-78.19","-1.47","166.1","4","IGEPN"
"4275","1996-12-09","08:24:21","-77.78","-1.68","154.5","4.2","ISC"
"4273","1996-12-14","18:25:40","-78.16","-2.65","12","4.1","IGEPN"
"4252","1997-01-23","23:32:32","-78.27","-2.1","36","3.9","IGEPN"
"4248","1997-02-04","08:14:34","-78.13","-2.71","8","3.8","IGEPN"
"4247","1997-02-04","20:27:47","-78.12","-2.46","9","4.3","IGEPN"
"4244","1997-02-14","01:16:22","-78.26","-1.94","33","4.3","IGEPN"
"4243","1997-02-14","15:10:35","-77.47","-2.38","12","3.9","IGEPN"
"4241","1997-02-16","05:23:00","-77.81","-2.85","33","3.8","ISC"
"4240","1997-02-17","03:50:18","-78.14","-1.88","150.4","4.2","IGEPN"
"4239","1997-02-18","00:40:09","-78.1","-1.73","162","4.1","IGEPN"
"4236","1997-02-25","01:42:50","-78.28","-1.07","6.67","3.8","IGEPN"
"4235","1997-02-26","09:50:32","-77.45","-2.81","5.61","3.8","IGEPN"
"4234","1997-03-01","00:28:40","-78","-2.65","10.7","3.8","IGEPN"
"4232","1997-03-05","14:05:48","-78.27","-1.02","5.7","3.6","IGEPN"
"4226","1997-03-14","19:56:51","-78","-1.28","170.7","3.7","IGEPN"
"4225","1997-03-15","13:11:23","-78.07","-2.42","9.7","4.2","IGEPN"
"4223","1997-03-16","19:26:52","-77.94","-2.66","11.7","4.3","IGEPN"
"4222","1997-03-16","20:10:42","-78.08","-2.59","17","3.6","IGEPN"
"4220","1997-03-20","04:24:27","-78.16","-1.97","20.4","4.3","IGEPN"
"4219","1997-03-20","14:10:00","-78.08","-2.35","10","3.7","IGEPN"
"4216","1997-03-23","02:41:00","-78","-2.56","0","3.7","IGEPN"
"4214","1997-03-27","09:06:33","-78.76","-1.06","16.8","3.8","IGEPN"
"4212","1997-03-27","22:18:29","-78.11","-1.24","156","3.7","IGEPN"
"4211","1997-03-29","22:43:24","-78.08","-2.64","16","3.7","IGEPN"
"4205","1997-04-06","12:24:01","-77.77","-2.73","55.6","5","ISC"
"4204","1997-04-08","21:37:18","-78.74","-1.06","8.8","3.7","IGEPN"
"4201","1997-04-19","04:32:21","-78.27","-1.07","3.6","3.8","IGEPN"
"4200","1997-04-19","10:14:31","-78.26","-1.09","16.45","3.8","IGEPN"
"4199","1997-04-19","20:38:17","-78.28","-1.02","2.99","3.8","IGEPN"
"4198","1997-04-19","21:03:55","-78.27","-1.02","12","3.8","IGEPN"
"4191","1997-05-02","02:30:34","-78","-1.54","189.8","4.8","IGEPN"
"4189","1997-05-04","02:06:01","-78.28","-1.08","5.7","3.7","IGEPN"
"4188","1997-05-05","14:20:22","-78.05","-2.26","10.4","3.7","IGEPN"
"4187","1997-05-06","01:30:27","-78.08","-2.1","14.9","3.7","IGEPN"
"4185","1997-05-21","15:42:25","-77.96","-2.72","12","4.1","IGEPN"
"4184","1997-05-22","08:35:34","-77.67","-1.99","185.1","3.8","IGEPN"
"4183","1997-05-24","11:33:48","-77.98","-2.65","0.57","3.8","IGEPN"
"4181","1997-05-26","00:52:26","-78.04","-2.71","5","4","IGEPN"
"4177","1997-06-12","14:17:43","-78.01","-2.79","7.37","3.9","IGEPN"
"4176","1997-06-13","08:31:07","-78.29","-1.07","7.9","3.9","IGEPN"
"4175","1997-06-16","04:25:18","-78.04","-1.24","171.8","4.5","IGEPN"
"4171","1997-06-17","13:03:04","-78.11","-2.2","12.1","3.7","IGEPN"
"4169","1997-06-19","12:48:05","-78.13","-2.43","13.9","4","IGEPN"
"4166","1997-06-22","07:07:20","-78.68","-0.7","15","3.8","IGEPN"
"4165","1997-06-24","00:01:56","-78.28","-1.03","3.1","3.7","IGEPN"
"4164","1997-06-24","00:04:27","-78.28","-1.04","6","3.7","IGEPN"
"4161","1997-06-26","18:53:21","-77.64","-2.87","12","3.7","IGEPN"
"4160","1997-06-26","19:38:15","-78.77","-1.06","3","3.8","IGEPN"
"4159","1997-06-27","02:10:13","-77.88","-2.77","10","4.3","IGEPN"
"4158","1997-06-27","15:50:48","-78.13","-2.22","18.4","3.9","IGEPN"
"4154","1997-07-09","17:43:19","-77.39","-1.9","12","3.7","IGEPN"
"4151","1997-07-13","17:20:29","-78.15","-2.96","12","3.9","IGEPN"
"4144","1997-07-28","20:47:09","-78","-1.62","150.1","3.8","IGEPN"
"4138","1997-08-10","08:55:39","-78.42","-1.15","17.61","4.3","IGEPN"
"4136","1997-08-11","07:55:07","-77.68","-2.71","35.4","4.8","ISC"
"4133","1997-08-21","18:17:36","-77.55","-2.43","33","3.9","ISC"
"4132","1997-08-23","12:37:30","-77.96","-2.81","5","4.5","IGEPN"
"4130","1997-08-24","05:08:54","-77.96","-2.57","5","3.7","IGEPN"
"4122","1997-09-03","16:19:38","-78","-1.35","151.3","3.7","IGEPN"
"4113","1997-09-10","21:13:07","-78.27","-1.15","0.61","3.7","IGEPN"
"4112","1997-09-12","15:21:26","-78.08","-2.9","5","3.6","IGEPN"
"4111","1997-09-13","08:58:33","-78.07","-1.39","169.4","3.8","IGEPN"
"4109","1997-09-22","04:28:18","-77.64","-2.03","187.7","3.6","IGEPN"
"4108","1997-09-22","19:08:28","-78.22","-1.37","126.2","3.9","IGEPN"
"4103","1997-10-02","06:23:27","-78.14","-2.81","12","3.6","IGEPN"
"4101","1997-10-05","14:01:00","-78.09","-2.08","22.2","3.6","IGEPN"
"4100","1997-10-05","18:41:30","-78.14","-2.98","12","3.9","IGEPN"
"4090","1997-10-30","22:10:14","-77.88","-1.65","46.98","3.9","IGEPN"
"4089","1997-11-02","18:10:55","-78.21","-1.4","127.6","3.8","IGEPN"
"4087","1997-11-08","11:16:11","-78.24","-1.95","25.7","3.8","IGEPN"
"4086","1997-11-08","18:40:11","-78.2","-1.2","129.9","3.7","IGEPN"
"4084","1997-11-10","16:07:44","-77.73","-1.84","12","4.3","IGEPN"
"4075","1997-11-23","18:23:14","-77.85","-1.5","17.9","3.6","IGEPN"
"4074","1997-11-23","20:51:46","-77.84","-1.45","194.5","3.6","IGEPN"
"4073","1997-11-27","13:33:25","-78.3","-1.02","6","4","IGEPN"
"4072","1997-11-28","18:28:13","-78.3","-1.02","8.8","3.6","IGEPN"
"4071","1997-11-28","19:22:39","-78.29","-1.04","5.9","3.7","IGEPN"
"4070","1997-11-29","02:52:50","-78.31","-1.03","9.1","3.6","IGEPN"
"4069","1997-11-29","10:51:55","-77.85","-2.98","9","3.9","IGEPN"
"4067","1997-12-06","22:48:30","-77.72","-2.86","17.34","3.6","IGEPN"
"4062","1997-12-11","09:40:24","-78.3","-1.02","9","3.6","IGEPN"
"4061","1997-12-11","10:25:07","-78.3","-1.02","8.6","3.6","IGEPN"
"4059","1997-12-15","07:43:55","-78.8","-1.07","19.6","3.6","IGEPN"
"4055","1997-12-25","09:16:56","-78.29","-1.07","7.5","4.4","IGEPN"
"4054","1997-12-25","18:11:33","-78.28","-1.08","4.5","4.4","IGEPN"
"4053","1997-12-26","04:01:58","-78.13","-1.86","12","4.2","IGEPN"
"4052","1998-01-01","16:45:56","-78.03","-2.29","14.4","4.3","IGEPN"
"4050","1998-01-07","04:04:18","-78.13","-2.18","30","3.9","IGEPN"
"4048","1998-01-15","17:02:45","-78.13","-2.65","12","3.8","IGEPN"
"4044","1998-01-20","18:23:42","-77.72","-1.67","8","3.6","IGEPN"
"4037","1998-03-02","14:26:16","-78.28","-1.03","8","3.6","IGEPN"
"4036","1998-03-03","08:16:40","-78.04","-2.15","14.8","4.4","IGEPN"
"4030","1998-03-13","01:27:04","-77.62","-2.6","36.7","3.7","IGEPN"
"4029","1998-03-14","07:41:47","-78.31","-1.01","6.4","3.6","IGEPN"
"4028","1998-03-15","00:26:45","-78.72","-1.14","12","3.6","IGEPN"
"4027","1998-03-16","02:30:34","-77.96","-2.73","5","3.6","IGEPN"
"4023","1998-03-23","05:32:48","-78.4","-1.13","6.2","3.7","IGEPN"
"4019","1998-03-29","09:05:07","-78.75","-0.98","11.2","3.6","IGEPN"
"4017","1998-04-02","07:57:13","-77.87","-1.13","24","3.6","IGEPN"
"4016","1998-04-02","23:29:12","-78.3","-1.05","9","3.7","IGEPN"
"4015","1998-04-04","02:10:35","-78.31","-1.05","5.8","3.7","IGEPN"
"4006","1998-04-11","20:33:07","-78.01","-2.48","9.3","4","IGEPN"
"4004","1998-04-13","04:42:14","-77.92","-2.69","11.94","4","IGEPN"
"4002","1998-04-19","12:47:36","-77.35","-1.48","164","3.7","ISC"
"3998","1998-04-27","19:59:58","-78.25","-1.44","131.6","3.6","IGEPN"
"3995","1998-04-28","17:08:36","-78.76","-0.79","12.5","3.9","IGEPN"
"3994","1998-05-03","11:33:52","-78.76","-1.1","16.1","3.7","IGEPN"
"3993","1998-05-07","20:18:59","-77.78","-1.2","18","3.9","IGEPN"
"3991","1998-05-12","21:33:37","-77.49","-2.21","5","3.6","IGEPN"
"3988","1998-05-17","04:39:43","-78.15","-1.51","136.8","3.8","IGEPN"
"3987","1998-05-21","13:12:37","-78.35","-1.17","7.3","4","IGEPN"
"3984","1998-05-24","22:39:55","-77.69","-2.97","12","3.7","IGEPN"
"3982","1998-05-25","18:26:28","-78.29","-1.05","7.8","3.6","IGEPN"
"3972","1998-05-31","04:07:32","-78.36","-2.17","143.4","3.6","IGEPN"
"3970","1998-06-05","04:31:16","-78.41","-1.18","8.9","3.6","IGEPN"
"3969","1998-06-08","14:47:31","-78.08","-2.35","7.5","3.6","IGEPN"
"3966","1998-06-12","01:53:04","-78.18","-1.02","12","4","IGEPN"
"3951","1998-06-29","21:23:10","-78.01","-2.46","6.1","3.7","IGEPN"
"3931","1998-07-03","01:41:59","-77.1","-1.86","244","4.6","IGEPN"
"3918","1998-07-09","20:44:31","-77.56","-1.91","162","3.8","IGEPN"
"3912","1998-07-14","23:34:38","-77.87","-2.89","10","3.6","IGEPN"
"3909","1998-07-17","22:09:52","-77.97","-2.66","1.6","4.2","IGEPN"
"3905","1998-07-19","19:48:05","-77.93","-2.71","3.8","3.7","IGEPN"
"3903","1998-07-21","12:02:36","-78","-2.56","9","3.6","IGEPN"
"3902","1998-07-23","08:19:59","-77.86","-2.5","30.58","4","IGEPN"
"3901","1998-07-24","03:28:54","-78.11","-2.53","3","3.6","IGEPN"
"3900","1998-07-28","03:53:25","-78.08","-2.53","5.9","3.7","IGEPN"
"3899","1998-07-29","16:25:23","-78.21","-2.66","12.4","3.6","IGEPN"
"3842","1998-08-16","23:25:46","-78.41","-1.15","12.1","4","IGEPN"
"3836","1998-08-20","17:22:15","-77.98","-2.61","3.4","4.2","IGEPN"
"3832","1998-08-30","12:06:16","-78.11","-2.51","9.1","3.8","IGEPN"
"3829","1998-09-05","16:26:36","-78.72","-1.04","12","3.9","IGEPN"
"3828","1998-09-05","16:32:35","-78.74","-1.02","0","3.9","IGEPN"
"3822","1998-09-12","22:09:22","-78.74","-1.06","0.5","3.6","IGEPN"
"3818","1998-09-20","22:02:22","-77.38","-2.17","156.9","3.7","ISC"
"3809","1998-10-15","23:17:16","-78.81","-1.05","20.4","4","IGEPN"
"3802","1998-11-01","21:26:57","-77.58","-2.05","9.2","3.7","IGEPN"
"3795","1998-11-30","10:52:32","-77.77","-2.15","5.9","3.8","IGEPN"
"3792","1998-12-04","09:57:54","-77.97","-1.58","179.2","4.1","IGEPN"
"3790","1998-12-05","15:14:23","-77.73","-1.67","206.3","3.6","IGEPN"
"3789","1998-12-06","05:04:49","-78.05","-1.88","165.7","4","IGEPN"
"3785","1998-12-11","15:36:43","-77.4","-1.89","6.9","4.3","IGEPN"
"3779","1998-12-23","20:23:38","-78.31","-1.03","8.5","3.7","IGEPN"
"3778","1998-12-26","02:15:43","-78.21","-1.58","158.4","3.8","IGEPN"
"3776","1998-12-29","22:32:35","-78.13","-1.65","163.8","5.3","IGEPN"
"3771","1999-02-08","00:49:13","-77.68","-1.59","11.5","3.7","IGEPN"
"3764","1999-02-28","02:39:27","-78.15","-2.19","33","3.6","IGEPN"
"3763","1999-03-03","10:19:35","-77.92","-2.7","12.5","4.7","IGEPN"
"3761","1999-03-10","04:11:35","-78.79","-1.13","22.5","3.7","IGEPN"
"3758","1999-03-20","17:30:36","-78.18","-2.7","12","3.6","IGEPN"
"3756","1999-03-26","13:50:39","-78.32","-1.03","11.9","3.7","IGEPN"
"3755","1999-04-01","01:16:00","-77.44","-1.32","274.2","3.6","IGEPN"
"3748","1999-04-10","07:03:06","-78.27","-1.13","5.6","3.8","IGEPN"
"3746","1999-04-18","07:32:23","-78.05","-1.64","179.1","3.6","IGEPN"
"3744","1999-04-26","13:17:26","-77.92","-1.7","171.7","6","IGEPN"
"3739","1999-05-11","07:54:30","-77.44","-2","217","3.6","IGEPN"
"3737","1999-05-23","05:26:49","-78.01","-1.41","153.8","4","IGEPN"
"3734","1999-05-27","15:41:55","-78.27","-1.08","5.4","3.6","IGEPN"
"3730","1999-06-26","02:58:53","-78.31","-1.44","149.2","3.8","IGEPN"
"3728","1999-07-02","23:30:01","-78.8","-1.15","12.1","3.7","IGEPN"
"3716","1999-08-10","13:33:36","-78.73","-1.05","6","3.7","IGEPN"
"3714","1999-08-16","19:29:20","-78.71","-0.66","2.6","3.8","IGEPN"
"3712","1999-08-18","21:21:29","-78.04","-2.52","3.6","4.4","IGEPN"
"3711","1999-08-19","13:09:05","-78.15","-2.44","15.6","3.7","IGEPN"
"3710","1999-08-25","01:13:55","-78.25","-1.05","5.8","3.6","IGEPN"
"3706","1999-08-28","07:40:02","-77.91","-1.37","195.3","6.2","IGEPN"
"3698","1999-09-17","03:54:22","-78.34","-1.15","15.1","4.7","IGEPN"
"3697","1999-09-17","04:02:27","-78.36","-1.14","14.9","3.7","IGEPN"
"3692","1999-10-10","11:07:47","-78.78","-1.08","21.9","3.6","IGEPN"
"3688","1999-10-21","01:36:16","-78.29","-1.49","156.1","4.6","IGEPN"
"3686","1999-10-23","18:18:13","-78.11","-2.11","6.8","3.6","IGEPN"
"3680","1999-11-14","12:14:24","-77.75","-1.5","183.9","3.9","ISC"
"3677","1999-12-24","21:29:38","-78.32","-1.08","6","3.7","IGEPN"
"3672","2000-01-07","10:43:57","-77.54","-2.54","200","3.6","ISC"
"3670","2000-01-21","09:29:44","-77.41","-2.32","20.82","3.7","IGEPN"
"3669","2000-01-21","13:49:24","-78.72","-0.99","121.1","3.7","IGEPN"
"3658","2000-02-21","23:00:05","-78.16","-2.24","27","3.6","IGEPN"
"3654","2000-03-11","22:47:54","-78.05","-2.57","0.2","3.6","IGEPN"
"3652","2000-03-25","07:40:18","-78.14","-1.7","172.7","3.8","IGEPN"
"3650","2000-03-27","13:56:08","-77.98","-2.53","11.9","3.9","IGEPN"
"3645","2000-04-12","15:19:31","-78.31","-1.79","155.6","3.6","IGEPN"
"3638","2000-04-29","04:57:59","-78.42","-1.42","123.2","3.6","IGEPN"
"3632","2000-05-15","17:58:02","-78.81","-0.87","20.9","4.1","IGEPN"
"3631","2000-05-18","00:17:36","-77.6","-2.19","12","3.7","IGEPN"
"3625","2000-06-04","19:28:08","-78.66","-0.75","17","3.8","IGEPN"
"3618","2000-06-25","02:28:40","-78.68","-0.91","24.1","3.7","IGEPN"
"3617","2000-06-26","14:43:18","-77.46","-1.31","203.4","3.8","ISC"
"3615","2000-07-04","12:25:58","-78.08","-2.25","5.8","3.8","IGEPN"
"3609","2000-07-24","06:31:26","-78.2","-1.14","1.3","3.6","IGEPN"
"3607","2000-07-25","20:58:15","-78.39","-1.29","10.4","3.6","IGEPN"
"3604","2000-07-30","16:44:09","-77.81","-1.56","8.3","3.9","IGEPN"
"3603","2000-08-01","21:05:00","-77.52","-2.73","12","4.2","IGEPN"
"3586","2000-09-09","23:37:33","-77.61","-3.26","38.3","4.4","ISC"
"3584","2000-09-16","05:14:46","-78.64","-0.85","11.3","3.6","IGEPN"
"3583","2000-09-16","11:11:53","-78.01","-1.36","144.7","3.7","IGEPN"
"3582","2000-09-18","08:07:29","-78.34","-1.91","160","3.9","IGEPN"
"3554","2000-10-07","16:29:32","-77.93","-2.53","2.4","3.8","IGEPN"
"3540","2000-10-23","00:26:45","-78.61","-0.74","21.8","3.8","IGEPN"
"3534","2000-11-01","04:43:39","-77.54","-1.95","160.9","4","IGEPN"
"3532","2000-11-03","01:57:53","-78.26","-1.1","5.9","3.7","IGEPN"
"3526","2000-11-06","11:57:31","-78.14","-1.56","168.8","3.6","IGEPN"
"3525","2000-11-06","16:54:11","-78.17","-1.11","10.24","3.6","IGEPN"
"3524","2000-11-07","11:24:09","-77.31","-2.22","12.88","3.6","IGEPN"
"3515","2000-11-24","06:29:28","-78.03","-1.47","172","4.9","IGEPN"
"3508","2000-12-12","17:57:00","-78.19","-1.33","142.2","3.7","IGEPN"
"3500","2001-01-04","04:44:09","-77.87","-2.05","6.3","4.1","IGEPN"
"3494","2001-01-21","14:42:06","-78.25","-1.05","0.6","4.1","IGEPN"
"3491","2001-01-27","20:41:23","-78.1","-1.88","167.2","3.6","IGEPN"
"3488","2001-02-04","04:44:22","-78.25","-1.08","2.95","3.6","IGEPN"
"3483","2001-02-17","23:46:12","-78.04","-1.97","165.1","3.6","IGEPN"
"3473","2001-02-26","07:36:36","-78.3","-1.06","35","3.6","IGEPN"
"3470","2001-03-08","05:45:57","-78.24","-1.01","3","3.8","IGEPN"
"3463","2001-03-16","22:37:23","-78.27","-1.03","10.2","3.9","IGEPN"
"3462","2001-03-19","04:37:47","-78.82","-1.07","9.3","3.9","IGEPN"
"3456","2001-03-27","14:06:40","-77.62","-1.98","11","3.9","IGEPN"
"3450","2001-04-01","03:08:24","-78.28","-1.03","11.4","3.8","IGEPN"
"3448","2001-04-04","14:31:49","-78.33","-1.18","10.8","4.2","IGEPN"
"3436","2001-04-10","01:34:20","-77.72","-1.52","180.1","4.2","ISC"
"3426","2001-05-07","18:32:42","-78.37","-2.21","134.4","3.6","ISC"
"3424","2001-05-16","12:02:32","-77.84","-2.76","18.49","3.6","IGEPN"
"3423","2001-05-16","12:42:47","-78","-2.87","18.5","3.6","IGEPN"
"3420","2001-05-25","17:48:32","-77.93","-2.95","33","3.9","ISC"
"3415","2001-06-07","14:33:42","-78.8","-1.08","8.9","3.7","IGEPN"
"3414","2001-06-16","10:22:41","-78.18","-1.63","172.7","3.6","ISC"
"3404","2001-06-29","07:05:41","-78.2","-2.9","12","3.8","IGEPN"
"3402","2001-07-04","12:16:55","-78.36","-1.27","15.3","3.6","IGEPN"
"3399","2001-07-09","23:45:35","-78.16","-1.93","187.5","3.7","IGEPN"
"3394","2001-07-19","01:41:27","-78.11","-1.44","162.1","3.7","IGEPN"
"3392","2001-07-24","02:24:44","-78.32","-1.04","11.3","3.7","IGEPN"
"3388","2001-07-30","09:37:46","-78.18","-1.12","4.6","3.6","IGEPN"
"3385","2001-08-04","05:51:46","-78.72","-0.75","9","3.6","IGEPN"
"3384","2001-08-04","16:53:07","-78.7","-0.75","0.7","3.8","IGEPN"
"3383","2001-08-04","16:55:28","-78.63","-0.77","5.2","3.8","IGEPN"
"3377","2001-08-09","01:57:12","-78.77","-0.94","3.05","3.7","IGEPN"
"3376","2001-08-09","06:24:37","-77.95","-1.84","184.7","3.6","IGEPN"
"3371","2001-08-18","00:35:40","-77.64","-3.05","18.6","4.6","ISC"
"3369","2001-08-21","11:07:23","-78.01","-1.35","142.8","3.7","IGEPN"
"3368","2001-08-29","06:36:35","-77.75","-1.69","174.2","4.2","ISC"
"3366","2001-08-29","18:18:18","-77.63","-2.77","16","3.7","IGEPN"
"3365","2001-09-08","09:46:24","-77.7","-1.25","13.2","3.7","IGEPN"
"3363","2001-09-10","00:50:50","-78.13","-2.25","8.8","3.6","IGEPN"
"3360","2001-09-14","21:25:47","-77.68","-1.62","196.2","3.8","ISC"
"3356","2001-09-23","21:35:24","-78.32","-1.03","8.3","3.6","IGEPN"
"3355","2001-09-27","19:14:13","-77.83","-1.62","206.7","3.6","IGEPN"
"3349","2001-10-05","15:57:07","-78.31","-1.03","10.1","3.6","IGEPN"
"3346","2001-10-19","13:25:02","-77.84","-1.93","151","4.3","ISC"
"3343","2001-10-23","16:05:26","-77.92","-1.84","26","3.6","IGEPN"
"3340","2001-10-29","00:39:41","-78.02","-1.6","199.6","3.7","IGEPN"
"3339","2001-10-30","06:25:14","-78.22","-1.04","5.3","3.8","IGEPN"
"3336","2001-11-01","23:18:15","-78.55","-0.91","13.4","3.8","IGEPN"
"3333","2001-11-13","00:44:26","-78.31","-1.11","10.72","3.6","IGEPN"
"3332","2001-11-14","00:44:45","-78.28","-1.05","6","3.6","IGEPN"
"3331","2001-11-14","15:15:08","-78.73","-1.08","21.8","3.6","IGEPN"
"3326","2001-11-19","21:25:48","-77.34","-1.56","26","3.7","IGEPN"
"3322","2001-11-30","10:46:03","-78.62","-0.9","16.6","3.6","IGEPN"
"3315","2001-12-25","15:00:53","-78.11","-2.46","8.8","3.6","IGEPN"
"3311","2002-01-03","11:51:31","-77.32","-1.77","12","3.8","IGEPN"
"3310","2002-01-03","23:59:20","-78.28","-1.04","6","3.7","IGEPN"
"3309","2002-01-04","06:08:52","-77.94","-2.64","12","3.8","IGEPN"
"3303","2002-01-14","01:21:24","-78.29","-1.08","8.9","4.6","IGEPN"
"3300","2002-01-22","21:28:57","-77.58","-1.94","5.79","3.8","IGEPN"
"3293","2002-02-12","18:30:59","-78.23","-1.02","5.1","3.9","IGEPN"
"3291","2002-02-19","07:44:13","-77.49","-1.26","47.96","4","IGEPN"
"3280","2002-03-18","07:28:17","-77.93","-2.98","12","3.6","IGEPN"
"3265","2002-03-29","02:08:51","-77.62","-1.52","238.2","3.8","IGEPN"
"3256","2002-04-14","08:59:12","-77.72","-1.25","15.7","3.8","IGEPN"
"3248","2002-04-28","15:51:10","-77.92","-1.68","180.7","3.6","IGEPN"
"3246","2002-05-05","06:35:05","-78.3","-1.13","7.3","4.6","IGEPN"
"3245","2002-05-06","22:35:31","-78.1","-1.41","167.8","3.6","IGEPN"
"3244","2002-05-07","14:05:22","-78.72","-1.06","3.2","3.6","IGEPN"
"3241","2002-05-24","13:41:48","-78.13","-2.82","12","3.7","IGEPN"
"3240","2002-06-02","00:53:24","-77.85","-1.54","7.4","3.6","IGEPN"
"3238","2002-06-11","03:04:08","-78.24","-1.84","158.6","3.9","ISC"
"3237","2002-06-13","11:18:06","-77.59","-1.62","171.5","4.1","ISC"
"3209","2002-08-15","00:39:12","-78.14","-1.47","137.8","3.7","IGEPN"
"3208","2002-08-22","22:40:28","-77.7","-1.54","194.7","3.7","ISC"
"3189","2002-10-22","16:54:10","-77.96","-1.54","189.2","3.8","IGEPN"
"3188","2002-10-24","21:30:25","-78.33","-1.11","0.2","3.9","IGEPN"
"3186","2002-10-27","18:32:02","-78.03","-2.58","6.4","3.9","IGEPN"
"3185","2002-10-31","21:38:24","-78.02","-2.43","0.4","3.6","IGEPN"
"3178","2002-11-19","20:14:55","-78.31","-1.47","147.6","4.1","IGEPN"
"3177","2002-11-23","08:59:59","-78.36","-1.03","7.3","3.7","IGEPN"
"3160","2003-01-14","18:08:43","-78.79","-1","23.5","3.7","IGEPN"
"3151","2003-02-04","13:28:29","-77.98","-1.42","156.2","3.7","IGEPN"
"3145","2003-03-09","15:29:44","-78.11","-2.47","11.1","4.3","IGEPN"
"3143","2003-03-27","06:01:01","-77.42","-2.71","12","3.6","IGEPN"
"3140","2003-03-31","02:05:31","-78.16","-2.35","20","3.7","IGEPN"
"3139","2003-03-31","02:13:58","-78.09","-2.64","12","3.8","IGEPN"
"3137","2003-04-12","22:01:50","-77.93","-1.56","17.9","3.8","IGEPN"
"3134","2003-04-24","00:37:31","-77.54","-2.52","26","3.6","IGEPN"
"3129","2003-05-23","22:56:46","-78.72","-0.8","15.5","4.2","ISC"
"3128","2003-05-24","23:24:37","-78.12","-2.57","12","4.3","IGEPN"
"3125","2003-05-25","03:02:53","-78.18","-2.04","18.5","3.7","IGEPN"
"3124","2003-05-25","14:00:14","-78.08","-2.4","8","4.1","IGEPN"
"3123","2003-05-27","21:49:32","-78.71","-0.78","25.1","3.7","IGEPN"
"3118","2003-06-11","18:48:33","-77.8","-1.15","24","3.7","IGEPN"
"3116","2003-06-13","07:26:19","-78.14","-1.94","167.8","3.6","IGEPN"
"3115","2003-06-14","23:01:35","-77.51","-1.86","189.6","3.6","IGEPN"
"3111","2003-07-08","13:29:48","-78.29","-2.84","12","3.8","IGEPN"
"3110","2003-07-13","16:59:25","-78.02","-2.94","12","4.4","IGEPN"
"3109","2003-07-14","22:48:42","-77.55","-1.29","12.1","3.6","IGEPN"
"3108","2003-07-20","07:21:17","-78.32","-1.05","15.59","3.6","IGEPN"
"3102","2003-08-16","03:38:08","-78.25","-1.09","1.8","3.6","IGEPN"
"3100","2003-08-20","05:05:52","-78.18","-1.25","2","4.4","ISC"
"3092","2003-09-06","21:11:33","-77.7","-2.03","15.2","3.8","IGEPN"
"3089","2003-09-13","13:33:08","-78.26","-1.1","2.9","5.3","IGEPN"
"3085","2003-09-24","00:14:09","-78.33","-1.12","7.9","3.7","IGEPN"
"3084","2003-09-26","18:43:18","-78.22","-1.09","7.5","3.6","IGEPN"
"3083","2003-09-27","02:48:56","-78.16","-1.64","158.4","4.3","IGEPN"
"3082","2003-09-28","23:08:20","-78.13","-2.97","12","3.9","IGEPN"
"3081","2003-09-30","22:24:52","-77.93","-2.97","25","3.7","IGEPN"
"3079","2003-10-01","05:21:33","-78.07","-2.77","16","3.6","IGEPN"
"3076","2003-10-05","07:29:32","-77.95","-3.05","95.8","4.7","ISC"
"3075","2003-10-24","06:44:05","-77.99","-1.54","160.9","3.6","IGEPN"
"3074","2003-10-26","13:29:05","-78.3","-1.14","2.1","4.2","IGEPN"
"3071","2003-11-09","06:29:02","-78.03","-1.42","153.2","3.6","IGEPN"
"3070","2003-11-13","00:55:53","-78.11","-1.42","163.6","4.3","IGEPN"
"3069","2003-11-14","02:16:01","-78.05","-2.6","12","3.6","IGEPN"
"3059","2003-12-14","13:43:40","-77.7","-1.75","196.6","4.4","IGEPN"
"3044","2004-01-18","08:01:09","-78.11","-2.12","23.7","3.6","IGEPN"
"3036","2004-02-25","06:17:56","-77.77","-2.07","153.4","3.7","IGEPN"
"3031","2004-03-21","15:11:03","-77.79","-1.17","24","3.6","IGEPN"
"3029","2004-03-28","03:41:11","-78.45","-1.02","6.2","5.2","IGEPN"
"3028","2004-03-28","03:48:12","-78.41","-1.05","5.5","4.7","IGEPN"
"3026","2004-03-29","21:09:50","-78.43","-1.01","5.1","3.7","IGEPN"
"3025","2004-03-29","22:02:10","-78.43","-1.02","4.8","3.6","IGEPN"
"3024","2004-03-31","03:49:29","-78.39","-1.02","5.3","3.7","IGEPN"
"3023","2004-03-31","14:00:21","-78.35","-1.04","3","3.6","IGEPN"
"3021","2004-04-08","17:25:48","-78.45","-1.01","4.8","3.6","IGEPN"
"3018","2004-04-15","14:06:28","-78.45","-1.02","1.6","4.9","IGEPN"
"3017","2004-04-15","16:51:33","-78.38","-1.03","6","3.6","IGEPN"
"3016","2004-04-16","00:52:12","-78.47","-1","2","3.6","IGEPN"
"3014","2004-04-19","14:11:55","-78.43","-1.01","7.2","3.8","IGEPN"
"3010","2004-04-24","05:15:42","-78.41","-1.01","16.6","3.7","IGEPN"
"3003","2004-05-01","20:41:08","-78.3","-1.01","12.66","3.7","IGEPN"
"3002","2004-05-02","08:26:20","-77.47","-2.43","12","3.6","IGEPN"
"2994","2004-06-04","02:57:52","-78.29","-1.04","8.8","3.7","IGEPN"
"2992","2004-06-16","23:23:22","-78.04","-0.99","8.8","4","IGEPN"
"2983","2004-06-23","23:08:12","-77.37","-2.19","164.5","4.1","IGEPN"
"2978","2004-07-13","20:11:01","-77.47","-2.63","110.8","3.6","IGEPN"
"2977","2004-07-18","02:38:49","-77.47","-1.49","225.7","4.1","IGEPN"
"2976","2004-07-18","02:54:58","-77.93","-1.9","185","4.3","IGEPN"
"2970","2004-07-29","23:30:47","-78.17","-1.2","5.2","4.1","IGEPN"
"2969","2004-07-30","03:37:28","-78.16","-1.2","2.3","3.7","IGEPN"
"2967","2004-08-08","11:09:21","-78.68","-0.73","24.2","3.7","IGEPN"
"2961","2004-08-16","21:52:00","-77.52","-2.9","12","4.1","IGEPN"
"2959","2004-08-19","03:05:16","-77.59","-2.19","10.2","4.3","IGEPN"
"2958","2004-08-26","16:54:51","-78.5","-1.17","11.8","3.7","IGEPN"
"2956","2004-09-02","08:56:59","-78.36","-1.19","11.7","3.8","IGEPN"
"2954","2004-09-15","06:51:15","-77.91","-1.29","178.7","3.6","IGEPN"
"2947","2004-10-09","09:31:05","-78.27","-1.06","14.4","3.6","IGEPN"
"2928","2004-12-23","22:57:14","-78.46","-2.86","12","3.8","IGEPN"
"2926","2005-01-04","01:54:28","-78.16","-2.26","237","3.9","IGEPN"
"2827","2005-01-28","17:12:16","-78.28","-2.6","225","3.6","IGEPN"
"2771","2005-02-07","02:24:50","-78.23","-1.05","8.5","3.6","IGEPN"
"2770","2005-02-08","15:46:27","-78.28","-1.05","7.2","3.6","IGEPN"
"2769","2005-02-08","15:50:38","-78.33","-1.04","10","3.6","IGEPN"
"2747","2005-02-19","05:30:43","-77.58","-2.27","112.1","3.7","IGEPN"
"2740","2005-03-03","03:39:37","-78.03","-1.44","172","3.9","IGEPN"
"2735","2005-03-16","01:17:56","-78.25","-1.05","9.8","3.8","IGEPN"
"2733","2005-03-18","01:40:09","-78.3","-1.03","10.2","3.7","IGEPN"
"2729","2005-03-20","13:31:00","-78.29","-1.04","9","3.6","IGEPN"
"2724","2005-03-29","11:04:11","-78.35","-1.03","9.2","3.6","IGEPN"
"2722","2005-04-02","04:55:53","-78.68","-0.72","13.18","3.6","IGEPN"
"2720","2005-04-06","14:10:52","-78.59","-0.74","17.1","3.6","IGEPN"
"2715","2005-04-18","06:58:30","-78.03","-1.45","178.6","3.8","IGEPN"
"2704","2005-05-18","04:21:13","-77.48","-1.72","239.2","3.9","IGEPN"
"2687","2005-06-12","09:19:14","-78.11","-1.39","156.3","3.6","IGEPN"
"2686","2005-06-12","23:22:39","-78.79","-1.02","0.1","3.9","IGEPN"
"2684","2005-06-13","19:20:09","-78.33","-1.52","146.4","3.6","IGEPN"
"2679","2005-06-20","12:58:14","-78","-1.37","174.1","3.6","IGEPN"
"2678","2005-06-21","05:03:47","-78.01","-1.95","190.4","5","IGEPN"
"2674","2005-06-28","00:42:17","-78.23","-1.87","18","3.6","IGEPN"
"2673","2005-06-30","06:27:35","-78.02","-1.59","170.5","4.4","IGEPN"
"2672","2005-07-11","04:28:40","-78.35","-1.12","5.2","3.7","IGEPN"
"2668","2005-07-22","21:32:05","-77.92","-2.69","12","3.7","IGEPN"
"2666","2005-07-26","12:09:56","-78.76","-0.98","21","3.6","IGEPN"
"2664","2005-07-29","23:37:23","-78.13","-1.58","35.59","3.7","IGEPN"
"2661","2005-08-02","00:27:16","-78.1","-2.72","12","3.6","IGEPN"
"2660","2005-08-02","14:29:52","-78.79","-1.07","16","3.8","IGEPN"
"2657","2005-08-07","04:52:49","-77.99","-1.01","3.6","3.7","IGEPN"
"2654","2005-08-12","01:39:21","-77.38","-2.29","12","3.6","IGEPN"
"2647","2005-08-26","03:55:55","-78.05","-1.81","164.5","3.7","ISC"
"2645","2005-08-30","06:04:25","-78.67","-0.73","12.6","3.7","IGEPN"
"2642","2005-09-10","02:11:12","-77.49","-2.75","12","4.1","IGEPN"
"2637","2005-09-19","02:45:00","-78.22","-1.03","14.8","3.7","IGEPN"
"2632","2005-09-30","07:19:48","-77.94","-2.85","12","3.9","IGEPN"
"2631","2005-09-30","09:05:43","-78.74","-0.72","17.9","3.7","IGEPN"
"2630","2005-09-30","23:34:37","-78.29","-1.42","137","3.6","IGEPN"
"2629","2005-10-12","14:33:41","-78.34","-2.16","12","4","IGEPN"
"2628","2005-10-13","17:04:01","-77.68","-1.76","177.6","4.1","ISC"
"2625","2005-10-26","17:40:20","-78.13","-2.06","146","3.7","IGEPN"
"2619","2005-11-04","12:40:47","-78.2","-1.48","142.9","3.7","IGEPN"
"2617","2005-11-05","09:51:47","-78.11","-2.85","229.3","3.7","IGEPN"
"2606","2005-12-07","04:32:05","-77.87","-1.71","164.5","3.6","ISC"
"2602","2005-12-16","09:03:10","-77.78","-1.78","202.7","3.7","IGEPN"
"2591","2005-12-23","16:47:23","-77.77","-1.56","225","6.1","IGEPN"
"2578","2006-01-08","01:23:16","-77.97","-1.81","188.5","4.5","IGEPN"
"2576","2006-01-19","01:56:10","-77.89","-2.57","12","3.7","IGEPN"
"2574","2006-01-22","01:18:16","-78.01","-1.52","169.5","4","IGEPN"
"2573","2006-01-25","08:31:58","-78.29","-1.11","2.4","3.8","IGEPN"
"2572","2006-01-25","13:24:33","-78.36","-1.01","-2.4","3.9","IGEPN"
"2570","2006-01-28","23:32:16","-78.29","-1.12","5.3","3.6","IGEPN"
"2564","2006-02-22","03:56:06","-77.27","-2.17","16","3.6","IGEPN"
"2549","2006-04-14","20:08:47","-78.3","-1.02","12","3.8","IGEPN"
"2538","2006-06-17","10:25:00","-77.89","-2.05","12","3.6","IGEPN"
"2537","2006-06-21","07:40:55","-77.41","-2.14","179.9","5.3","IGEPN"
"2524","2006-08-05","05:21:21","-78.15","-2.69","12","3.7","IGEPN"
"2521","2006-08-10","17:48:03","-78.33","-1.01","11.9","3.6","IGEPN"
"2520","2006-08-16","00:16:20","-78.12","-1.72","12","4.3","IGEPN"
"2517","2006-09-02","13:54:48","-77.71","-2.14","12","4.3","ISC"
"2516","2006-09-03","19:38:55","-77.71","-2.46","16.03","3.7","IGEPN"
"2504","2006-09-23","05:53:56","-77.2","-1.93","12","3.7","IGEPN"
"2501","2006-10-06","18:42:09","-78.08","-2.92","18","4.6","IGEPN"
"2498","2006-10-13","22:44:48","-78.76","-0.7","0.7","3.7","IGEPN"
"2489","2006-10-27","23:26:23","-77.47","-2.66","33.18","3.8","IGEPN"
"2488","2006-10-31","04:55:24","-78.12","-1.36","153.1","5.4","IGEPN"
"2487","2006-11-04","14:15:34","-78.32","-2.69","36.57","3.7","IGEPN"
"2483","2006-11-09","22:16:13","-77.88","-2.56","4.1","3.7","IGEPN"
"2482","2006-11-12","02:42:29","-78.07","-1.87","182.4","3.7","IGEPN"
"2481","2006-11-16","20:09:45","-77.81","-2.66","14","3.7","IGEPN"
"2480","2006-11-20","09:33:32","-78.5","-2.25","174.1","3.6","IGEPN"
"2479","2006-11-23","17:26:57","-78.24","-1.51","152","4.2","IGEPN"
"2478","2006-11-24","04:33:49","-78.26","-1.03","11.9","4","IGEPN"
"2477","2006-11-24","05:15:28","-78.27","-1.03","9","3.6","IGEPN"
"2475","2006-11-24","07:47:17","-78.31","-1.01","9.4","3.8","IGEPN"
"2470","2006-12-03","09:16:26","-78.23","-1.46","148.3","4.1","IGEPN"
"2468","2006-12-13","12:42:11","-78.19","-2.58","133.5","3.7","IGEPN"
"2461","2006-12-19","14:57:52","-78.21","-2.02","10.7","3.6","IGEPN"
"2458","2006-12-31","04:55:51","-77.9","-1.31","224.4","4","IGEPN"
"2454","2007-01-06","01:27:18","-78.13","-1.46","156.5","5","IGEPN"
"2452","2007-01-19","04:15:54","-78.32","-1.04","6","3.6","IGEPN"
"2449","2007-01-26","14:26:38","-78.24","-1.46","150.6","4.4","IGEPN"
"2446","2007-02-05","08:13:11","-78.46","-2.8","118.4","3.6","IGEPN"
"2445","2007-02-13","09:56:41","-78.12","-1.38","165","5.6","IGEPN"
"2437","2007-02-23","09:12:23","-78.31","-1.52","156.3","5","IGEPN"
"2429","2007-03-15","08:23:37","-78.8","-1.12","1.5","3.7","IGEPN"
"2427","2007-03-24","20:29:08","-78.34","-2.84","16","3.6","IGEPN"
"2425","2007-03-28","14:48:40","-77.76","-1.65","178.7","3.6","IGEPN"
"2424","2007-03-28","15:57:26","-77.53","-1.43","182.5","5.3","ISC"
"2416","2007-05-01","13:20:07","-78.63","-0.7","19.5","3.7","IGEPN"
"2414","2007-05-05","13:18:42","-77.92","-2.03","179.5","4.3","IGEPN"
"2403","2007-06-23","16:35:27","-77.73","-2.01","157.1","3.8","ISC"
"2399","2007-07-01","08:42:23","-78.39","-2.97","84.74","3.7","IGEPN"
"2391","2007-07-21","13:58:09","-78.31","-1.49","150.3","5.2","IGEPN"
"2378","2007-09-06","11:05:00","-77.8","-1.42","211.9","3.6","IGEPN"
"2373","2007-09-22","15:01:22","-78.67","-1.19","35","3.8","ISC"
"2371","2007-09-26","16:55:40","-77.69","-2.06","12","3.6","IGEPN"
"2362","2007-10-22","22:07:13","-78.35","-1.03","11.8","3.8","IGEPN"
"2361","2007-10-22","22:11:21","-78.32","-1.04","9.9","3.6","IGEPN"
"2360","2007-10-23","01:13:23","-78.33","-1.03","9.8","3.6","IGEPN"
"2359","2007-10-24","03:21:44","-77.43","-2.21","180","4.5","IGEPN"
"2353","2007-10-29","04:23:00","-78","-1.37","166.2","4.2","IGEPN"
"2348","2007-11-15","22:13:00","-77.84","-2.35","122.9","6.8","ISC"
"2347","2007-11-17","04:33:07","-77.89","-2.63","111.4","3.8","IGEPN"
"2339","2007-12-02","22:09:22","-78","-1.35","165.3","4.5","IGEPN"
"2338","2007-12-03","01:42:11","-78.15","-2.29","154.6","3.7","IGEPN"
"2315","2007-12-22","04:22:55","-78.02","-1.4","156.3","3.7","IGEPN"
"2312","2007-12-24","09:27:01","-77.95","-1.37","165.2","4.4","IGEPN"
"2301","2008-02-01","01:02:58","-77.56","-1.54","238.4","3.6","IGEPN"
"2296","2008-02-04","20:37:27","-77.89","-2.03","173","3.6","IGEPN"
"2294","2008-02-11","00:25:55","-77.66","-1.65","218.5","3.7","IGEPN"
"2293","2008-02-15","02:20:54","-78.24","-2.74","12","3.8","IGEPN"
"2288","2008-02-27","10:31:17","-78.34","-1.04","10.62","3.6","IGEPN"
"2285","2008-03-04","23:28:40","-78.1","-1.86","180.9","3.7","IGEPN"
"2284","2008-03-09","14:58:37","-77.63","-1.65","216.6","3.8","IGEPN"
"2277","2008-03-28","10:47:29","-78.12","-1.81","7.47","4.3","IGEPN"
"2270","2008-04-26","14:14:15","-78.71","-0.7","9.31","3.7","IGEPN"
"2269","2008-04-26","16:58:48","-78.73","-0.71","11.15","3.9","IGEPN"
"2268","2008-04-27","02:37:25","-78.23","-2.95","12","3.8","IGEPN"
"2262","2008-05-14","20:54:42","-78.03","-2.84","12","4.5","IGEPN"
"2257","2008-05-21","13:49:08","-78.1","-2.85","9.74","3.7","IGEPN"
"2256","2008-05-25","04:05:46","-78.39","-2.28","116","3.9","USGS-NEIC"
"2254","2008-05-26","20:29:49","-77.91","-1.61","186.3","3.7","IGEPN"
"2250","2008-06-09","02:31:47","-77.48","-1.38","239.2","4.6","IGEPN"
"2249","2008-06-10","23:10:53","-78.32","-1.03","11.64","3.7","IGEPN"
"2248","2008-06-11","16:34:22","-78.29","-1.04","10.68","3.7","IGEPN"
"2247","2008-06-26","07:43:44","-78.31","-1.03","8.34","3.7","IGEPN"
"2245","2008-07-03","21:51:35","-78.18","-2.45","128.5","3.7","IGEPN"
"2244","2008-07-04","01:02:46","-77.83","-1.47","211.3","5.2","IGEPN"
"2242","2008-07-10","04:24:18","-78.32","-1.03","8.47","4","IGEPN"
"2233","2008-08-04","17:07:18","-78.3","-1.04","10.34","3.7","IGEPN"
"2232","2008-08-05","23:53:19","-78","-1.39","8.52","3.6","IGEPN"
"2230","2008-08-17","19:19:27","-77.78","-1.55","208.9","3.6","IGEPN"
"2229","2008-08-17","19:41:27","-78.16","-1.07","6.42","4.6","IGEPN"
"2221","2008-09-03","02:53:11","-77.9","-1.69","183.2","3.7","IGEPN"
"2217","2008-09-21","18:34:48","-77.74","-2.16","173.5","4.5","IGEPN"
"2216","2008-09-22","00:42:41","-78.06","-2.89","26.61","3.6","IGEPN"
"2208","2008-10-14","08:36:03","-77.48","-2.4","146.6","3.6","IGEPN"
"2199","2008-11-15","19:35:14","-78.3","-1.03","10.62","3.8","IGEPN"
"2196","2008-11-19","18:57:56","-78.19","-1.23","14.49","3.7","IGEPN"
"2194","2008-11-24","07:07:54","-78.36","-2.04","164.1","3.6","IGEPN"
"2184","2009-01-08","16:17:15","-78.17","-2.92","12","3.7","IGEPN"
"2177","2009-02-05","07:06:19","-77.89","-1.61","195.4","3.9","IGEPN"
"2169","2009-02-15","09:18:21","-78.15","-2.42","141.5","4","IGEPN"
"2166","2009-02-18","18:26:35","-78.07","-2.79","12","4.1","IGEPN"
"2165","2009-02-18","23:27:38","-78.09","-2.74","12","4.8","IGEPN"
"2164","2009-02-21","17:47:26","-78.13","-2.77","12","5","IGEPN"
"2163","2009-02-21","20:54:50","-78.15","-2.76","12","3.8","IGEPN"
"2162","2009-02-22","02:37:41","-78.09","-2.79","12","3.9","IGEPN"
"2157","2009-03-09","18:15:32","-77.93","-1.56","195.6","3.6","IGEPN"
"2139","2009-04-17","22:29:33","-78.71","-1.05","17.34","3.6","IGEPN"
"2134","2009-04-30","19:34:07","-77.6","-1.69","216","5.1","IGEPN"
"2129","2009-05-07","01:07:08","-77.79","-1.52","12.21","3.8","IGEPN"
"2121","2009-06-23","22:38:38","-77.6","-1.66","218.5","4.6","IGEPN"
"2110","2009-08-18","03:24:08","-77.5","-1.22","167","4.2","USGS-NEIC"
"2100","2009-09-16","01:44:47","-77.59","-2.81","40","4.6","USGS-NEIC"
"2096","2009-10-09","13:11:35","-77.96","-0.99","17.52","5.2","IGEPN"
"2088","2009-11-07","07:43:33","-77.84","-1.48","23.18","3.8","IGEPN"
"2078","2009-11-29","06:22:00","-78.04","-1.27","10.96","3.6","IGEPN"
"2077","2009-11-29","06:36:04","-78.02","-1.27","7","4.1","IGEPN"
"2075","2009-12-08","12:04:16","-78.3","-2.75","12","3.6","IGEPN"
"2074","2009-12-10","11:20:33","-78.39","-2.01","156.6","4.7","IGEPN"
"2071","2009-12-24","05:35:19","-77.75","-2.45","12","3.6","IGEPN"
"2070","2009-12-25","08:25:59","-78.21","-1.73","171.5","3.6","IGEPN"
"2060","2011-09-13","00:30:38","-77.2909","-1.90973","5.2","3.87","IGEPN"
"2058","2011-09-13","07:28:15","-78.0159","-2.69849","12","4.39","IGEPN"
"2045","2011-10-03","19:38:35","-78.2157","-2.7504","12","3.74","IGEPN"
"2033","2011-10-16","06:47:52","-77.4541","-2.20492","15.66","3.67","IGEPN"
"2032","2011-10-17","04:59:02","-77.4081","-2.1575","12","4.32","IGEPN"
"2024","2011-10-22","22:09:19","-78.2632","-3.18644","23.36","3.69","IGEPN"
"2004","2011-11-07","14:11:39","-77.9343","-1.87769","12","3.99","IGEPN"
"1954","2011-11-28","17:20:53","-78.5407","-2.28952","12","3.61","IGEPN"
"1953","2011-11-28","18:14:57","-77.987","-1.64408","12","4.03","IGEPN"
"1952","2011-11-29","11:01:27","-77.4726","-1.82329","0","4.31","IGEPN"
"1939","2011-12-14","19:22:12","-77.5111","-1.98988","12","3.87","IGEPN"
"1938","2011-12-16","14:50:22","-77.8763","-1.20182","12","3.93","IGEPN"
"1929","2011-12-27","09:53:22","-78.2801","-2.93198","12","3.73","IGEPN"
"1903","2012-01-15","03:22:50","-77.8769","-1.73416","12","3.63472","IGEPN"
"1889","2012-02-06","12:59:50","-78.3236","-2.84454","12","4.26907","IGEPN"
"1883","2012-02-14","22:46:31","-77.6557","-3.16991","12","3.73999","IGEPN"
"1880","2012-02-19","16:16:38","-77.9973","-2.66426","35.3631","3.82499","IGEPN"
"1875","2012-02-29","22:09:53","-78.3358","-1.07738","12","3.74736","IGEPN"
"1874","2012-03-03","06:10:36","-77.4216","-2.43471","13.0445","3.7808","IGEPN"
"1872","2012-03-06","13:14:11","-78.2027","-2.97083","65.4174","4.601","IGEPN"
"1870","2012-03-06","21:59:29","-78.3433","-1.0907","14","3.63149","IGEPN"
"1869","2012-03-07","15:37:04","-77.9369","-1.77719","182.868","3.84347","IGEPN"
"1865","2012-03-20","14:32:11","-77.6867","-1.94255","229.273","4.13376","IGEPN"
"1864","2012-03-21","18:50:28","-78.2527","-2.89948","10","4.33674","IGEPN"
"1855","2012-03-31","13:52:37","-78.4548","-2.04599","12","3.67521","IGEPN"
"1853","2012-04-01","10:41:19","-78.2789","-0.939403","14","4.02801","IGEPN"
"1843","2012-04-30","12:22:34","-77.7576","-1.99425","12","4.63943","IGEPN"
"1841","2012-05-02","22:22:47","-78.2379","-2.64864","12","3.83942","IGEPN"
"1836","2012-05-13","09:28:21","-78.2878","-1.09622","12","3.66117","IGEPN"
"1831","2012-05-20","06:34:15","-78.4841","-3.1099","12","3.96319","IGEPN"
"1829","2012-05-23","05:24:07","-78.1972","-1.87134","145.968","4.51546","IGEPN"
"1827","2012-05-25","04:53:20","-77.5624","-2.59272","93.3137","3.89447","IGEPN"
"1819","2012-06-08","15:22:02","-78.156","-2.70769","12","4.49249","IGEPN"
"1814","2012-06-12","08:31:36","-77.4631","-2.49764","12","3.98225","IGEPN"
"1808","2012-06-16","18:16:08","-78.005","-3.09299","12","3.78318","IGEPN"
"1807","2012-06-18","08:34:46","-78.8158","-1.06516","5.14935","5.11967","IGEPN"
"1804","2012-06-21","10:13:59","-77.6951","-3.06608","156.728","3.7618","IGEPN"
"1783","2012-07-03","01:13:41","-78.7269","-0.556489","7.49487","3.70583","IGEPN"
"1781","2012-07-07","05:08:46","-78.2535","-2.25022","12","3.63851","IGEPN"
"1775","2012-07-15","01:51:23","-77.9298","-1.70463","178.581","3.95624","IGEPN"
"1774","2012-07-17","20:02:24","-77.6392","-2.53959","12","3.54881","IGEPN"
"1770","2012-07-21","20:27:46","-77.6807","-1.61683","12","3.63053","IGEPN"
"1762","2012-08-09","05:52:00","-77.4048","-1.92922","12","4.32341","IGEPN"
"1753","2012-08-26","22:08:07","-77.9261","-2.87911","12","3.65905","IGEPN"
"1750","2012-09-01","04:42:14","-77.3306","-1.48915","9.59114","3.52957","IGEPN"
"1739","2013-01-13","04:08:28","-78.021","-2.44154","128.16","3.79305","IGEPN"
"1716","2013-02-06","05:49:06","-78.4144","-1.35427","2.98001","3.6786","GFZ"
"1712","2013-02-09","11:25:34","-78.1118","-1.85707","151.773","3.75882","IGEPN"
"1709","2013-02-11","23:03:27","-77.3564","-1.8233","12","3.64319","IGEPN"
"1706","2013-02-21","01:57:09","-78.1518","-2.71801","12","3.66939","IGEPN"
"1702","2013-02-25","04:37:22","-77.902","-2.91692","163.986","3.5782","IGEPN"
"1700","2013-02-25","16:42:01","-78.1864","-2.20134","12","3.50687","IGEPN"
"1696","2013-03-03","02:34:58","-77.6181","-1.87966","213.86","3.6389","IGEPN"
"1690","2013-03-12","16:24:50","-77.6968","-3.03105","6.37017","4.05943","IGEPN"
"1689","2013-03-15","04:42:57","-77.4684","-1.99034","12","3.64873","IGEPN"
"1682","2013-03-18","23:31:20","-77.3893","-2.33945","130.772","3.73741","IGEPN"
"1681","2013-03-24","14:07:07","-77.6714","-1.52344","182.91","3.76487","IGEPN"
"1678","2013-03-25","21:58:56","-77.2906","-2.14497","12","4.01198","IGEPN"
"1667","2013-04-06","02:22:05","-77.8818","-1.64165","197.17","3.63133","IGEPN"
"1654","2013-04-23","16:15:22","-77.8531","-2.00828","182.35","4.25774","IGEPN"
"1652","2013-04-24","19:46:53","-77.8493","-1.85067","166.465","3.87663","IGEPN"
"1647","2013-05-05","04:39:33","-77.5621","-2.3309","12","3.92318","IGEPN"
"1639","2013-05-14","08:16:35","-77.9924","-1.50938","179.309","3.95704","IGEPN"
"1636","2013-05-16","03:41:32","-77.5689","-1.86232","165.908","3.61441","IGEPN"
"1632","2013-05-24","00:42:04","-78.3076","-1.69248","3.58177","4.97344","IGEPN"
"1625","2013-06-09","10:46:21","-77.7317","-2.41782","12","3.9484","IGEPN"
"1624","2013-06-11","19:40:16","-77.7789","-2.14296","13","3.55087","IGEPN"
"1622","2013-06-13","13:08:37","-77.9148","-3.00278","35","4.79425","IGEPN"
"1621","2013-06-13","13:13:44","-77.9999","-2.85436","10","3.9313","IGEPN"
"1620","2013-06-13","15:40:08","-77.7744","-2.43241","113.305","4.00425","IGEPN"
"1612","2013-06-23","15:14:11","-77.9821","-2.78386","10","3.77026","IGEPN"
"1602","2013-07-08","21:59:35","-77.7882","-2.37193","12","3.63848","IGEPN"
"1599","2013-07-09","22:12:35","-77.9855","-3.02164","10","3.59515","IGEPN"
"1592","2013-07-21","04:43:59","-78.2494","-1.24657","2.56328","3.52821","IGEPN"
"1580","2013-08-16","04:05:04","-77.8044","-2.65911","12","3.54537","IGEPN"
"1579","2013-08-21","21:06:13","-77.6494","-2.80553","12","3.51296","IGEPN"
"1578","2013-08-21","21:09:16","-77.7792","-2.64312","10","3.5596","IGEPN"
"1577","2013-08-22","10:50:37","-77.919","-2.01957","152.251","4.40906","IGEPN"
"1576","2013-08-22","12:58:34","-77.9124","-2.59938","12","3.56813","IGEPN"
"1567","2013-08-29","19:51:43","-77.9206","-2.65802","10","3.6521","IGEPN"
"1562","2013-09-06","20:03:19","-78.3935","-2.86319","37","3.70879","IGEPN"
"1550","2013-09-23","02:55:52","-78.1092","-1.74815","146.316","4.36906","IGEPN"
"1532","2013-10-14","22:00:27","-77.5329","-1.45987","217.135","3.52098","IGEPN"
"1514","2013-10-23","15:37:40","-77.6013","-1.81821","160.375","3.51359","IGEPN"
"1508","2013-10-31","01:05:08","-78.758","-0.711546","5.70067","3.8957","IGEPN"
"1504","2013-11-02","15:02:02","-77.8703","-1.31138","178.625","3.7954","IGEPN"
"1488","2013-11-25","11:40:11","-78.0654","-2.56535","5","4.16855","IGEPN"
"1480","2013-11-30","14:31:06","-77.5755","-1.78615","6.38285","3.63233","IGEPN"
"1466","2013-12-15","19:44:49","-77.4747","-2.18722","10","3.56694","IGEPN"
"1465","2013-12-17","06:56:15","-77.7229","-2.56478","5.75613","3.61082","IGEPN"
"1464","2013-12-20","05:37:37","-77.5532","-2.94982","10","3.89231","IGEPN"
"1455","2014-01-18","00:58:50","-77.7358","-2.43336","40","3.59583","IGEPN"
"1449","2014-01-20","03:51:04","-77.7095","-1.76958","5.57925","3.57941","IGEPN"
"1408","2014-03-27","02:34:10","-77.2421","-2.04322","6.66402","4.10767","IGEPN"
"1404","2014-04-03","03:23:25","-78.0124","-2.65904","9.87697","3.59427","IGEPN"
"1403","2014-04-06","04:21:50","-77.5537","-2.97509","13.7715","3.67527","IGEPN"
"1396","2014-04-22","11:42:39","-78.2211","-2.08743","133.544","3.73104","IGEPN"
"1382","2014-05-29","17:15:10","-78.153","-1.70123","157.732","4.06921","IGEPN"
"1381","2014-06-02","01:37:38","-77.9443","-1.61712","172.678","4.46293","IGEPN"
"1358","2014-07-21","11:49:00","-77.8643","-1.72421","160.72","4.02053","IGEPN"
"1353","2014-08-02","22:57:00","-78.1284","-1.88031","149.809","4.91438","IGEPN"
"1342","2014-08-20","02:13:56","-77.8901","-2.71233","9.49746","3.55519","IGEPN"
"1341","2014-08-21","03:09:57","-78.0491","-2.85365","79.4477","4.25561","IGEPN"
"1337","2014-08-29","08:18:54","-77.6554","-2.2985","125.632","3.7118","IGEPN"
"1335","2014-09-04","13:46:25","-78.0156","-1.45699","172.824","3.71024","IGEPN"
"1319","2014-09-21","20:45:29","-78.4209","-1.27976","7.80615","3.72713","IGEPN-RENSIG"
"1314","2014-10-03","04:07:10","-78.0219","-2.70275","7.49441","4.1623","IGEPN-RENSIG"
"1312","2014-10-05","20:04:15","-78.1735","-3.1826","87.4502","4.12405","IGEPN"
"1300","2014-10-19","01:48:57","-78.1474","-1.72761","156.527","3.60312","IGEPN"
"1278","2014-11-05","04:26:59","-77.3245","-1.98859","10.6425","3.64173","IGEPN-RENSIG"
"1277","2014-11-05","17:56:21","-78.037","-2.71737","6.92","3.61053","IGEPN-RENSIG"
"1276","2014-11-07","00:40:04","-78.2414","-1.73491","150.779","3.55758","IGEPN-RENSIG"
"1258","2014-11-29","13:30:08","-77.8585","-1.72218","175.912","4.33254","IGEPN"
"1257","2014-11-30","11:27:06","-77.5797","-2.04521","10","4.05721","IGEPN"
"1252","2014-12-07","13:12:21","-77.6759","-1.51162","204.017","3.64104","IGEPN-RENSIG"
"1245","2014-12-19","00:46:25","-77.397","-1.86041","10","3.86849","IGEPN"
"1232","2015-01-01","16:25:50","-78.0596","-1.58276","171.952","3.85648","IGEPN-RENSIG"
"1228","2015-01-11","05:53:53","-77.8626","-2.72264","4.64666","3.71274","IGEPN-RENSIG"
"1226","2015-01-12","14:30:21","-77.8871","-2.71161","10","4.07457","IGEPN-RENSIG"
"1217","2015-01-19","17:12:35","-78.0317","-2.80552","10","3.73984","IGEPN-RENSIG"
"1213","2015-01-25","21:46:14","-77.0636","-1.94894","8.37","4.01119","IGEPN-RENSIG"
"1209","2015-02-01","05:43:17","-77.4606","-2.28816","10","3.89949","IGEPN-RENSIG"
"1207","2015-02-02","13:18:14","-77.6519","-2.37822","10","3.51645","IGEPN-RENSIG"
"1206","2015-02-04","13:28:33","-78.3217","-1.03869","4.17107","3.5104","IGEPN-RENSIG"
"1203","2015-02-10","00:18:37","-77.7507","-1.5236","5.12494","3.50098","IGEPN-RENSIG"
"1201","2015-02-13","02:37:04","-78.0226","-1.95997","155.415","4.02954","IGEPN-RENSIG"
"1182","2015-03-09","05:19:40","-77.9783","-1.97027","154.489","3.52288","IGEPN-RENSIG"
"1180","2015-03-10","12:05:26","-78.1406","-1.80932","154.357","3.51669","IGEPN-RENSIG"
"1168","2015-03-27","07:10:07","-78.2847","-2.67377","10","3.5563","IGEPN-RENSIG"
"1167","2015-03-27","16:59:37","-77.8957","-1.35213","196.96","5.20886","IGEPN-RENSIG"
"1166","2015-03-28","00:10:30","-77.7985","-1.74968","7.28436","3.78117","IGEPN-RENSIG"
"1165","2015-03-28","03:43:20","-78.1567","-2.02153","141.309","3.56499","IGEPN-RENSIG"
"1162","2015-03-30","11:41:04","-77.8079","-1.74669","8.05962","3.54436","IGEPN-RENSIG"
"1160","2015-04-04","20:41:46","-77.269","-2.04228","10","3.63622","IGEPN-RENSIG"
"1158","2015-04-06","05:45:40","-77.973","-1.65305","175.597","4.25372","IGEPN-RENSIG"
"1157","2015-04-07","04:41:29","-77.5533","-2.33426","7.80883","3.56961","IGEPN-RENSIG"
"1155","2015-04-13","14:48:01","-77.6455","-1.67516","6.05439","3.54426","IGEPN-RENSIG"
"1139","2015-05-04","11:34:29","-77.792","-2.71677","10","3.5164","IGEPN-RENSIG"
"1137","2015-05-08","20:44:49","-78.2736","-1.9179","10","3.88366","IGEPN-RENSIG"
"1134","2015-05-11","06:53:04","-78.1696","-1.67338","158.316","3.50957","IGEPN-RENSIG"
"1132","2015-05-12","09:11:07","-77.9993","-1.72627","167.219","4.34566","IGEPN-RENSIG"
"1115","2015-05-27","16:13:29","-77.9073","-2.28084","139.381","4.12545","IGEPN-RENSIG"
"1104","2015-06-09","18:37:29","-77.5743","-1.75718","193.103","4.37306","IGEPN-RENSIG"
"1102","2015-06-14","05:30:25","-78.3225","-1.9148","10","3.9076","IGEPN-RENSIG"
"1100","2015-06-17","04:30:45","-77.9354","-1.90055","156.877","3.51276","IGEPN-RENSIG"
"1097","2015-06-22","15:25:22","-78.0614","-2.84183","10","4.06548","IGEPN-RENSIG"
"1091","2015-07-02","22:43:23","-77.7533","-2.22152","10","4.53239","IGEPN-RENSIG"
"1079","2015-07-16","07:02:42","-78.0946","-2.86976","10","3.59543","IGEPN-RENSIG"
"1078","2015-07-17","10:18:56","-77.8765","-2.17106","10","3.55149","IGEPN-RENSIG"
"1066","2015-08-12","14:27:53","-77.9035","-1.87013","150.255","3.52991","IGEPN"
"999","2015-08-31","08:52:42","-77.6292","-1.58972","5.50312","3.75927","IGEPN"
"990","2015-09-10","20:06:12","-77.633","-1.8406","200.61","3.50586","IGEPN"
"942","2015-12-07","00:33:36","-78.2239","-2.18901","10.8071","4.38974","IGEPN-RENSIG"
"941","2015-12-13","16:46:00","-78.0952","-1.86345","149.111","3.52041","IGEPN-RENSIG"
"928","2015-12-30","22:02:40","-77.7518","-1.71336","189.193","3.51993","IGEPN-RENSIG"
"919","2016-01-11","03:21:12","-78.2079","-2.737","15","4.14849","IGEPN"
"916","2016-01-19","21:59:45","-78.1122","-2.62777","10","3.77957","IGEPN-RENSIG"
"907","2016-02-12","07:39:47","-78.0243","-2.84874","2.94009","4.14788","IGEPN"
"891","2016-03-12","06:41:36","-77.3836","-1.95694","6.39","3.76327","IGEPN"
"885","2016-04-07","23:55:50","-78.4053","-1.11816","3.04199","3.5502","IGEPN"
"884","2016-04-09","06:26:47","-77.8053","-2.19433","5","4.80635","IGEPN"
"881","2016-04-14","18:24:01","-77.513","-2.17865","154.322","3.78851","IGEPN"
"774","2016-04-18","04:57:32","-77.6839","-1.80706","164.275","3.55717","IGEPN"
"590","2016-04-22","21:58:14","-77.7702","-1.69667","1.58679","3.66637","IGEPN"
"497","2016-04-28","23:09:43","-78.1862","-3.25433","10","3.9711","IGEPN"
"462","2016-05-04","08:36:57","-77.3597","-2.06659","10","3.56145","IGEPN"
"446","2016-05-06","00:21:44","-78.0657","-2.80942","5","4.08031","IGEPN"
"387","2016-05-20","20:22:44","-77.8695","-2.54672","10","3.92582","IGEPN"
"382","2016-05-23","22:16:53","-77.3942","-1.7998","5","3.79668","IGEPN"
"363","2016-06-01","18:34:11","-77.8316","-2.19675","2.32142","3.60767","IGEPN-RENMO"
"361","2016-06-03","08:45:22","-77.7637","-2.4977","10","4.50222","IGEPN"
"340","2016-06-28","16:25:51","-77.9995","-3.06961","1.55237","3.91675","IGEPN"
"315","2016-07-08","12:19:16","-77.5473","-2.34167","156.844","3.8599","IGEPN"
"275","2016-08-05","02:23:05","-77.6003","-1.90865","10","4.01847","IGEPN"
"270","2016-08-09","23:35:23","-77.7605","-1.71972","2.6805","3.52034","IGEPN"
"261","2016-08-27","08:46:49","-77.873","-1.62042","10","3.6889","IGEPN"
"257","2016-09-03","15:02:52","-78.1037","-1.62752","183.875","4.03894","IGEPN"
"249","2016-09-09","23:53:30","-77.7382","-1.62472","197.55","3.94004","IGEPN"
"248","2016-09-11","14:59:07","-77.64","-2.71823","108.65","4.83271","IGEPN"
"237","2016-09-30","11:45:12","-77.9376","-1.73527","180.995","4.77985","IGEPN"
"235","2016-10-05","15:50:17","-78.0954","-1.49594","229.971","3.75155","IGEPN"
"232","2016-10-11","21:14:48","-78.1097","-1.7536","166.482","3.94475","IGEPN"
"231","2016-10-13","13:28:14","-78.2796","-1.66721","157.339","3.69398","IGEPN"
"230","2016-10-13","15:24:05","-78.3465","-2.00503","5.77621","3.62976","IGEPN"
"208","2016-11-14","02:36:03","-78.3066","-1.09023","3.5562","3.85271","IGEPN-RENSIG"
"206","2016-11-18","23:05:26","-78.0444","-1.91724","165.64","3.92575","IGEPN"
"148","2016-12-28","23:02:19","-77.9794","-2.21541","135.306","3.78856","IGEPN"
"139","2017-01-16","07:26:15","-77.3474","-1.89331","181.092","3.80983","IGEPN"
"137","2017-01-16","12:40:11","-77.587","-1.48851","211.554","3.68085","IGEPN"
"124","2017-02-01","13:24:11","-77.8762","-1.68731","10","3.6834","IGEPN"
"101","2017-03-04","18:25:27","-78.2588","-2.38265","6","3.61756","IGEPN"
"79","2017-03-29","15:06:03","-77.8569","-2.49343","10","3.74143","IGEPN"
"78","2017-03-29","19:20:37","-77.9926","-1.90635","157.533","3.71894","IGEPN"
"48","2017-04-30","19:06:08","-77.6124","-2.25642","10","5.30398","IGEPN"
"42","2017-05-09","01:46:37","-78.4678","-2.02405","137.372","3.82605","IGEPN"
"35","2017-05-29","07:06:53","-78.1067","-1.75565","163.654","4.01562","IGEPN"
"28","2017-06-06","12:49:25","-78.1211","-3.07452","16.3733","3.88678","IGEPN"
"14","2017-06-15","10:07:26","-77.7198","-1.94672","10","3.51359","IGEPN"
